Sample,X(ms) [24.09.2026 09:54:27 687 UTC],"matematicko_upravljanje[%MD18]","izlazna_vrednost_objekta[%MD14]","referentna_vrednost[%MD10]"
2,1790243660888.040553,0,0,0
3,1790243660928.070353,0,0,0
4,1790243660968.061553,0,0,0
5,1790243661008.065453,0,0,0
6,1790243661048.060653,0,0,0
7,1790243661088.040653,0,0,0
8,1790243661128.053553,0,0,0
9,1790243661168.062753,0,0,0
10,1790243661208.024853,0,0,0
11,1790243661248.183353,0,0,0
12,1790243661288.308853,0,0,0
13,1790243661328.027453,0,0,0
14,1790243661368.036853,0,0,0
15,1790243661408.046753,0,0,0
16,1790243661448.023453,0,0,0
17,1790243661488.118653,0,0,0
18,1790243661528.067153,0,0,0
19,1790243661568.088153,0,0,0
20,1790243661608.001053,0,0,0
21,1790243661648.288653,0,0,0
22,1790243661688.025653,0,0,0
23,1790243661728.004053,0,0,0
24,1790243661767.987253,0,0,0
25,1790243661808.034353,0,0,0
26,1790243661848.291353,0,0,0
27,1790243661888.004553,0,0,0
28,1790243661928.019853,0,0,0
29,1790243661968.037653,0,0,0
30,1790243662008.023653,0,0,0
31,1790243662048.010053,0,0,0
32,1790243662088.033653,0,0,0
33,1790243662128.000053,0,0,0
34,1790243662168.016053,0,0,0
35,1790243662208.008953,0,0,0
36,1790243662247.973853,0,0,0
37,1790243662288.032553,0,0,0
38,1790243662328.000753,0,0,0
39,1790243662367.988353,0,0,0
40,1790243662408.006753,0,0,0
41,1790243662448.088653,0,0,0
42,1790243662488.011353,0,0,0
43,1790243662528.009353,0,0,0
44,1790243662568.007153,0,0,0
45,1790243662607.989753,0,0,0
46,1790243662647.978953,0,0,0
47,1790243662687.999353,0,0,0
48,1790243662727.994253,0,0,0
49,1790243662767.978553,0,0,0
50,1790243662808.008953,0,0,0
51,1790243662847.972453,0,0,0
52,1790243662887.956553,0,0,0
53,1790243662927.979453,0,0,0
54,1790243662968.008953,0,0,0
55,1790243663007.942653,0,0,0
56,1790243663048.130353,0,0,0
57,1790243663087.940353,0,0,0
58,1790243663127.946653,0,0,0
59,1790243663167.927753,0,0,0
60,1790243663207.975053,0,0,0
61,1790243663248.102053,0,0,0
62,1790243663287.943553,0,0,0
63,1790243663328.025753,0,0,0
64,1790243663367.936253,0,0,0
65,1790243663407.945853,0,0,0
66,1790243663447.964453,0,0,0
67,1790243663487.935553,0,0,0
68,1790243663527.972153,0,0,0
69,1790243663567.931953,0,0,0
70,1790243663607.982453,0,0,0
71,1790243663647.957753,0,0,0
72,1790243663687.998853,0,0,0
73,1790243663727.918753,0,0,0
74,1790243663767.945353,0,0,0
75,1790243663807.922253,0,0,0
76,1790243663847.917553,0,0,0
77,1790243663887.988853,0,0,0
78,1790243663927.980153,0,0,0
79,1790243663967.947753,0,0,0
80,1790243664007.906653,0,0,0
81,1790243664047.955253,0,0,0
82,1790243664087.946853,0,0,0
83,1790243664127.923153,0,0,0
84,1790243664167.929853,0,0,0
85,1790243664207.899853,0,0,0
86,1790243664247.948153,0,0,0
87,1790243664287.903153,0,0,0
88,1790243664327.929453,0,0,0
89,1790243664367.893353,0,0,0
90,1790243664407.919253,0,0,0
91,1790243664448.102553,0,0,0
92,1790243664488.049253,0,0,0
93,1790243664528.744953,0,0,0
94,1790243664568.009753,0,0,0
95,1790243664608.094853,0,0,0
96,1790243664649.211353,0,0,0
97,1790243664687.913753,0,0,0
98,1790243664727.876253,0,0,0
99,1790243664767.883853,0,0,0
100,1790243664807.905153,0,0,0
101,1790243664848.282053,0,0,0
102,1790243664887.865253,0,0,0
103,1790243664927.883353,0,0,0
104,1790243664967.899853,0,0,0
105,1790243665007.869253,0,0,0
106,1790243665047.903653,0,0,0
107,1790243665087.852653,0,0,0
108,1790243665127.893853,0,0,0
109,1790243665167.864353,0,0,0
110,1790243665207.870253,0,0,0
111,1790243665247.979053,0,0,0
112,1790243665287.885253,0,0,0
113,1790243665327.880053,0,0,0
114,1790243665367.884753,0,0,0
115,1790243665407.888653,0,0,0
116,1790243665447.942353,0,0,0
117,1790243665487.845553,0,0,0
118,1790243665527.876453,0,0,0
119,1790243665567.857453,0,0,0
120,1790243665607.919153,0,0,0
121,1790243665647.874453,0,0,0
122,1790243665687.879653,0,0,0
123,1790243665727.869953,0,0,0
124,1790243665767.903853,0,0,0
125,1790243665807.918153,0,0,0
126,1790243665848.517053,0,0,0
127,1790243665887.820853,0,0,0
128,1790243665927.833553,0,0,0
129,1790243665967.826453,0,0,0
130,1790243666007.860253,0,0,0
131,1790243666047.855253,0,0,0
132,1790243666087.875053,0,0,0
133,1790243666127.822153,0,0,0
134,1790243666167.844453,0,0,0
135,1790243666207.853653,0,0,0
136,1790243666247.818253,0,0,0
137,1790243666287.847953,0,0,0
138,1790243666327.835553,0,0,0
139,1790243666367.872853,0,0,0
140,1790243666407.868353,0,0,0
141,1790243666447.933653,0,0,0
142,1790243666487.828853,0,0,0
143,1790243666527.791253,0,0,0
144,1790243666567.809053,0,0,0
145,1790243666607.826053,0,0,0
146,1790243666647.884553,0,0,0
147,1790243666687.808253,0,0,0
148,1790243666727.813153,0,0,0
149,1790243666767.864453,0,0,0
150,1790243666807.795553,0,0,0
151,1790243666847.887353,0,0,0
152,1790243666888.025553,0,0,0
153,1790243666927.801353,0,0,0
154,1790243666967.807553,0,0,0
155,1790243667007.793253,0,0,0
156,1790243667047.839453,0,0,0
157,1790243667087.771653,0,0,0
158,1790243667127.765853,0,0,0
159,1790243667167.784553,0,0,0
160,1790243667207.795053,0,0,0
161,1790243667247.795753,0,0,0
162,1790243667287.816253,0,0,0
163,1790243667328.573953,0,0,0
164,1790243667368.528853,0,0,0
165,1790243667408.172353,0,0,0
166,1790243667448.172053,0,0,0
167,1790243667488.372353,0,0,0
168,1790243667527.863153,0,0,0
169,1790243667567.757153,0,0,0
170,1790243667607.762553,0,0,0
171,1790243667647.818453,0,0,0
172,1790243667687.772253,0,0,0
173,1790243667727.757953,0,0,0
174,1790243667767.744653,0,0,0
175,1790243667807.751853,0,0,0
176,1790243667847.915053,0,0,0
177,1790243667887.805553,0,0,0
178,1790243667927.726553,0,0,0
179,1790243667967.722853,0,0,0
180,1790243668007.739153,0,0,0
181,1790243668047.766753,0,0,0
182,1790243668087.773653,0,0,0
183,1790243668127.762353,0,0,0
184,1790243668167.725853,0,0,0
185,1790243668207.751653,0,0,0
186,1790243668247.707253,0,0,0
187,1790243668287.772453,0,0,0
188,1790243668327.733253,0,0,0
189,1790243668367.719953,0,0,0
190,1790243668407.727853,0,0,0
191,1790243668447.720353,0,0,0
192,1790243668487.697653,0,0,0
193,1790243668527.716353,0,0,0
194,1790243668567.721853,0,0,0
195,1790243668607.728453,0,0,0
196,1790243668647.780153,0,0,0
197,1790243668687.686953,0,0,0
198,1790243668727.687853,0,0,0
199,1790243668767.671653,0,0,0
200,1790243668807.683753,0,0,0
201,1790243668847.764953,0,0,0
202,1790243668887.754153,0,0,0
203,1790243668927.710753,0,0,0
204,1790243668967.743453,0,0,0
205,1790243669008.333453,0,0,0
206,1790243669048.463453,0,0,0
207,1790243669088.171153,0,0,0
208,1790243669128.262553,0,0,0
209,1790243669167.676453,0,0,0
210,1790243669207.695553,0,0,0
211,1790243669247.668053,0,0,0
212,1790243669287.666353,0,0,0
213,1790243669327.673353,0,0,0
214,1790243669367.645853,0,0,0
215,1790243669407.653653,0,0,0
216,1790243669447.709253,0,0,0
217,1790243669487.700253,0,0,0
218,1790243669527.646253,0,0,0
219,1790243669567.722853,0,0,0
220,1790243669607.651053,0,0,0
221,1790243669647.663553,0,0,0
222,1790243669687.642853,0,0,0
223,1790243669727.641553,0,0,0
224,1790243669767.629253,0,0,0
225,1790243669807.643953,0,0,0
226,1790243669847.900453,0,0,0
227,1790243669887.648753,0,0,0
228,1790243669927.608453,0,0,0
229,1790243669967.596353,0,0,0
230,1790243670007.826353,0,0,0
231,1790243670047.641653,0,0,0
232,1790243670087.645953,0,0,0
233,1790243670127.616953,0,0,0
234,1790243670167.612453,0,0,0
235,1790243670207.610853,0,0,0
236,1790243670247.677553,0,0,0
237,1790243670287.662753,0,0,0
238,1790243670327.587953,0,0,0
239,1790243670367.646453,0,0,0
240,1790243670407.597953,0,0,0
241,1790243670447.874053,0,0,0
242,1790243670487.588053,0,0,0
243,1790243670527.581153,0,0,0
244,1790243670567.585553,0,0,0
245,1790243670607.585753,0,0,0
246,1790243670647.799153,0,0,0
247,1790243670687.567253,0,0,0
248,1790243670727.606853,0,0,0
249,1790243670767.550953,0,0,0
250,1790243670807.583253,0,0,0
251,1790243670847.654353,0,0,0
252,1790243670887.582553,0,0,0
253,1790243670927.585353,0,0,0
254,1790243670967.605653,0,0,0
255,1790243671007.569653,0,0,0
256,1790243671047.636553,0,0,0
257,1790243671087.531353,0,0,0
258,1790243671127.562053,0,0,0
259,1790243671167.568053,0,0,0
260,1790243671207.602553,0,0,0
261,1790243671247.558553,0,0,0
262,1790243671287.584953,0,0,0
263,1790243671327.659253,0,0,0
264,1790243671367.521753,0,0,0
265,1790243671407.769953,0,0,0
266,1790243671447.573553,0,0,0
267,1790243671487.559953,0,0,0
268,1790243671527.527953,0,0,0
269,1790243671567.561153,0,0,0
270,1790243671607.520753,0,0,0
271,1790243671647.555153,0,0,0
272,1790243671687.540253,0,0,0
273,1790243671727.557753,0,0,0
274,1790243671767.561553,0,0,0
275,1790243671807.546953,0,0,0
276,1790243671847.548153,0,0,0
277,1790243671887.526253,0,0,0
278,1790243671927.515453,0,0,0
279,1790243671967.556653,0,0,0
280,1790243672007.533453,0,0,0
281,1790243672047.526653,0,0,0
282,1790243672087.499453,0,0,0
283,1790243672127.542553,0,0,0
284,1790243672167.581153,0,0,0
285,1790243672207.543653,0,0,0
286,1790243672247.499353,0,0,0
287,1790243672287.584053,0,0,0
288,1790243672327.516353,0,0,0
289,1790243672367.491853,0,0,0
290,1790243672407.493753,0,0,0
291,1790243672447.527253,0,0,0
292,1790243672487.513653,0,0,0
293,1790243672527.833853,0,0,0
294,1790243672567.495553,0,0,0
295,1790243672607.451053,0,0,0
296,1790243672647.645653,0,0,0
297,1790243672687.485553,0,0,0
298,1790243672727.479853,0,0,0
299,1790243672767.465853,0,0,0
300,1790243672807.513853,0,0,0
301,1790243672847.512353,0,0,0
302,1790243672887.504553,0,0,0
303,1790243672927.500453,0,0,0
304,1790243672967.470953,0,0,0
305,1790243673007.480753,0,0,0
306,1790243673047.475953,0,0,0
307,1790243673087.461853,0,0,0
308,1790243673127.462953,0,0,0
309,1790243673167.500853,0,0,0
310,1790243673207.429753,0,0,0
311,1790243673247.528453,0,0,0
312,1790243673287.529353,0,0,0
313,1790243673327.437353,0,0,0
314,1790243673367.427953,0,0,0
315,1790243673407.439953,0,0,0
316,1790243673447.513653,0,0,0
317,1790243673487.728053,0,0,0
318,1790243673527.459253,0,0,0
319,1790243673567.440853,0,0,0
320,1790243673607.441353,0,0,0
321,1790243673647.694153,0,0,0
322,1790243673687.403453,0,0,0
323,1790243673727.464153,0,0,0
324,1790243673767.446053,0,0,0
325,1790243673807.385353,0,0,0
326,1790243673847.414953,0,0,0
327,1790243673887.378853,0,0,0
328,1790243673927.442353,0,0,0
329,1790243673967.440953,0,0,0
330,1790243674007.414153,0,0,0
331,1790243674047.470053,0,0,0
332,1790243674087.949753,0,0,0
333,1790243674127.462753,0,0,0
334,1790243674167.478253,0,0,0
335,1790243674220.070353,0,0,0
336,1790243674260.035353,0,0,0
337,1790243674300.042153,0,0,0
338,1790243674340.032053,0,0,0
339,1790243674379.999153,0,0,0
340,1790243674420.034753,0,0,0
341,1790243674460.057353,0,0,0
342,1790243674500.422253,0,0,0
343,1790243674539.991353,0,0,0
344,1790243674580.015453,0,0,0
345,1790243674620.012153,0,0,0
346,1790243674660.027553,0,0,0
347,1790243674700.011453,0,0,0
348,1790243674740.030953,0,0,0
349,1790243674780.001253,0,0,0
350,1790243674820.064853,0,0,0
351,1790243674859.979653,0,0,0
352,1790243674900.019153,0,0,0
353,1790243674940.176953,0,0,0
354,1790243674979.989853,0,0,0
355,1790243675020.004153,0,0,0
356,1790243675060.228053,0,0,0
357,1790243675099.986853,0,0,0
358,1790243675139.982153,0,0,0
359,1790243675180.472553,0,0,0
360,1790243675220.293053,0,0,0
361,1790243675260.560753,0,0,0
362,1790243675300.227253,0,0,0
363,1790243675340.019953,0,0,0
364,1790243675380.164453,0,0,0
365,1790243675420.397753,0,0,0
366,1790243675460.255753,0,0,0
367,1790243675499.989153,0,0,0
368,1790243675539.988153,0,0,0
369,1790243675579.983653,0,0,0
370,1790243675619.979253,0,0,0
371,1790243675660.072853,0,0,0
372,1790243675700.505753,0,0,0
373,1790243675740.398353,0,0,0
374,1790243675779.933453,0,0,0
375,1790243675819.916653,0,0,0
376,1790243675860.025053,0,0,0
377,1790243675899.971553,0,0,0
378,1790243675939.930153,0,0,0
379,1790243675979.949853,0,0,0
380,1790243676019.916453,0,0,0
381,1790243676059.917053,0,0,0
382,1790243676099.972253,0,0,0
383,1790243676139.949753,0,0,0
384,1790243676179.984153,0,0,0
385,1790243676219.950553,0,0,0
386,1790243676259.902353,0,0,0
387,1790243676299.926053,0,0,0
388,1790243676339.933753,0,0,0
389,1790243676379.894953,0,0,0
390,1790243676419.981253,0,0,0
391,1790243676459.877153,0,0,0
392,1790243676499.884853,0,0,0
393,1790243676539.934253,0,0,0
394,1790243676579.893853,0,0,0
395,1790243676619.939353,0,0,0
396,1790243676659.896653,0,0,0
397,1790243676699.897153,0,0,0
398,1790243676739.894053,0,0,0
399,1790243676779.976053,0,0,0
400,1790243676819.956353,0,0,0
401,1790243676859.932653,0,0,0
402,1790243676899.895053,0,0,0
403,1790243676939.892453,0,0,0
404,1790243676979.916353,0,0,0
405,1790243677019.900753,0,0,0
406,1790243677059.880553,0,0,0
407,1790243677099.948253,0,0,0
408,1790243677139.850753,0,0,0
409,1790243677180.080053,0,0,0
410,1790243677219.956953,0,0,0
411,1790243677259.866953,0,0,0
412,1790243677299.860153,0,0,0
413,1790243677339.836053,0,0,0
414,1790243677379.870253,0,0,0
415,1790243677419.904253,0,0,0
416,1790243677459.864453,0,0,0
417,1790243677499.874753,0,0,0
418,1790243677539.844653,0,0,0
419,1790243677579.859953,0,0,0
420,1790243677619.838753,0,0,0
421,1790243677659.844553,0,0,0
422,1790243677699.827253,0,0,0
423,1790243677739.870053,0,0,0
424,1790243677779.834053,0,0,0
425,1790243677820.234253,0,0,0
426,1790243677859.829153,0,0,0
427,1790243677899.821553,0,0,0
428,1790243677939.817553,0,0,0
429,1790243677979.828753,0,0,0
430,1790243678019.823353,0,0,0
431,1790243678059.948653,0,0,0
432,1790243678099.841653,0,0,0
433,1790243678139.802553,0,0,0
434,1790243678179.829253,0,0,0
435,1790243678219.865053,0,0,0
436,1790243678259.827853,0,0,0
437,1790243678299.824253,0,0,0
438,1790243678339.830753,0,0,0
439,1790243678379.904053,0,0,0
440,1790243678419.845853,0,0,0
441,1790243678459.767253,0,0,0
442,1790243678499.794653,0,0,0
443,1790243678539.775753,0,0,0
444,1790243678579.796153,0,0,0
445,1790243678619.814753,0,0,0
446,1790243678659.774553,0,0,0
447,1790243678699.778953,0,0,0
448,1790243678739.795553,0,0,0
449,1790243678780.210253,0,0,0
450,1790243678819.776653,0,0,0
451,1790243678859.740253,0,0,0
452,1790243678899.742153,0,0,0
453,1790243678939.739353,0,0,0
454,1790243678979.766353,0,0,0
455,1790243679019.770053,0,0,0
456,1790243679059.745753,0,0,0
457,1790243679099.767853,0,0,0
458,1790243679139.769853,0,0,0
459,1790243679179.739353,0,0,0
460,1790243679219.757253,0,0,0
461,1790243679259.733253,0,0,0
462,1790243679299.714753,0,0,0
463,1790243679339.843553,0,0,0
464,1790243679379.752153,0,0,0
465,1790243679419.716353,0,0,0
466,1790243679459.738653,0,0,0
467,1790243679499.709353,0,0,0
468,1790243679539.728753,0,0,0
469,1790243679579.749753,0,0,0
470,1790243679619.782853,0,0,0
471,1790243679659.706753,0,0,0
472,1790243679699.690653,0,0,0
473,1790243679739.704853,0,0,0
474,1790243679779.719553,0,0,0
475,1790243679819.721253,0,0,0
476,1790243679859.716753,0,0,0
477,1790243679899.798353,0,0,0
478,1790243679939.686353,0,0,0
479,1790243679979.714753,0,0,0
480,1790243680019.691653,0,0,0
481,1790243680059.684053,0,0,0
482,1790243680099.708253,0,0,0
483,1790243680139.683353,0,0,0
484,1790243680179.706353,0,0,0
485,1790243680219.702153,0,0,0
486,1790243680259.670653,0,0,0
487,1790243680299.679153,0,0,0
488,1790243680339.666953,0,0,0
489,1790243680379.696653,0,0,0
490,1790243680419.675853,0,0,0
491,1790243680459.673553,0,0,0
492,1790243680499.690353,0,0,0
493,1790243680539.656253,0,0,0
494,1790243680579.736553,0,0,0
495,1790243680619.630253,0,0,0
496,1790243680659.640753,0,0,0
497,1790243680699.631653,0,0,0
498,1790243680739.672453,0,0,0
499,1790243680779.644353,0,0,0
500,1790243680819.643653,0,0,0
501,1790243680859.662353,0,0,0
502,1790243680899.674753,0,0,0
503,1790243680939.819153,0,0,0
504,1790243680979.623453,0,0,0
505,1790243681019.623353,0,0,0
506,1790243681059.645553,0,0,0
507,1790243681099.650753,0,0,0
508,1790243681139.595353,0,0,0
509,1790243681179.627353,0,0,0
510,1790243681219.602053,0,0,0
511,1790243681259.663153,0,0,0
512,1790243681299.636453,0,0,0
513,1790243681339.632953,0,0,0
514,1790243681379.612153,0,0,0
515,1790243681419.583553,0,0,0
516,1790243681459.632853,0,0,0
517,1790243681499.679653,0,0,0
518,1790243681539.570653,0,0,0
519,1790243681579.644153,0,0,0
520,1790243681619.623753,0,0,0
521,1790243681659.591853,0,0,0
522,1790243681699.612953,0,0,0
523,1790243681739.598153,0,0,0
524,1790243681779.581853,0,0,0
525,1790243681819.563453,0,0,0
526,1790243681859.889853,0,0,0
527,1790243681899.576553,0,0,0
528,1790243681939.608553,0,0,0
529,1790243681979.620253,0,0,0
530,1790243682019.591753,0,0,0
531,1790243682059.592053,0,0,0
532,1790243682099.547553,0,0,0
533,1790243682140.316353,0,0,0
534,1790243682179.794853,0,0,0
535,1790243682219.588453,0,0,0
536,1790243682259.625853,0,0,0
537,1790243682299.575353,0,0,0
538,1790243682339.591253,0,0,0
539,1790243682379.677653,0,0,0
540,1790243682419.561653,0,0,0
541,1790243682459.561053,0,0,0
542,1790243682499.574153,0,0,0
543,1790243682539.548953,0,0,0
544,1790243682579.579453,0,0,0
545,1790243682619.548053,0,0,0
546,1790243682659.555953,0,0,0
547,1790243682699.596553,0,0,0
548,1790243682739.592453,0,0,0
549,1790243682779.539153,0,0,0
550,1790243682819.570153,0,0,0
551,1790243682859.507653,0,0,0
552,1790243682899.524053,0,0,0
553,1790243682939.524253,0,0,0
554,1790243682979.548653,0,0,0
555,1790243683019.518153,0,0,0
556,1790243683059.539153,0,0,0
557,1790243683099.490853,0,0,0
558,1790243683139.493453,0,0,0
559,1790243683179.524253,0,0,0
560,1790243683219.499453,0,0,0
561,1790243683259.540753,0,0,0
562,1790243683299.494053,0,0,0
563,1790243683339.494953,0,0,0
564,1790243683379.522153,0,0,0
565,1790243683419.592953,0,0,0
566,1790243683459.696753,0,0,0
567,1790243683499.478253,0,0,0
568,1790243683539.506953,0,0,0
569,1790243683579.466153,0,0,0
570,1790243683619.489953,0,0,0
571,1790243683659.495953,0,0,0
572,1790243683699.473353,0,0,0
573,1790243683739.532853,0,0,0
574,1790243683779.518553,0,0,0
575,1790243683819.528053,0,0,0
576,1790243683859.472853,0,0,0
577,1790243683899.459453,0,0,0
578,1790243683939.695153,0,0,0
579,1790243683979.456253,0,0,0
580,1790243684019.487353,0,0,0
581,1790243684059.474853,0,0,0
582,1790243684099.476853,0,0,0
583,1790243684139.451653,0,0,0
584,1790243684179.466553,0,0,0
585,1790243684219.463953,0,0,0
586,1790243684259.460353,0,0,0
587,1790243684299.467553,0,0,0
588,1790243684339.428953,0,0,0
589,1790243684379.460753,0,0,0
590,1790243684419.421153,0,0,0
591,1790243684459.414153,0,0,0
592,1790243684499.447053,0,0,0
593,1790243684539.436353,0,0,0
594,1790243684579.538853,0,0,0
595,1790243684619.433553,0,0,0
596,1790243684659.420253,0,0,0
597,1790243684699.426953,0,0,0
598,1790243684739.430253,0,0,0
599,1790243684779.447653,0,0,0
600,1790243684819.479753,0,0,0
601,1790243684859.445653,0,0,0
602,1790243684899.406953,0,0,0
603,1790243684939.665753,0,0,0
604,1790243684979.416753,0,0,0
605,1790243685019.409553,0,0,0
606,1790243685059.600753,0,0,0
607,1790243685099.444353,0,0,0
608,1790243685139.400153,0,0,0
609,1790243685179.422753,0,0,0
610,1790243685219.403553,0,0,0
611,1790243685259.393153,0,0,0
612,1790243685299.393553,0,0,0
613,1790243685339.379453,0,0,0
614,1790243685379.526653,0,0,0
615,1790243685419.387153,0,0,0
616,1790243685459.396853,0,0,0
617,1790243685499.398753,0,0,0
618,1790243685539.372153,0,0,0
619,1790243685579.415053,0,0,0
620,1790243685619.371453,0,0,0
621,1790243685659.354753,0,0,0
622,1790243685699.364353,0,0,0
623,1790243685739.458853,0,0,0
624,1790243685779.345553,0,0,0
625,1790243685819.350053,0,0,0
626,1790243685859.360053,0,0,0
627,1790243685899.342053,0,0,0
628,1790243685939.336953,0,0,0
629,1790243685979.354153,0,0,0
630,1790243686019.344653,0,0,0
631,1790243686059.343653,0,0,0
632,1790243686099.323853,0,0,0
633,1790243686139.339653,0,0,0
634,1790243686179.697753,0,0,0
635,1790243686219.344053,0,0,0
636,1790243686259.365253,0,0,0
637,1790243686299.412853,0,0,0
638,1790243686339.335153,0,0,0
639,1790243686379.314353,0,0,0
640,1790243686419.327053,0,0,0
641,1790243686459.332653,0,0,0
642,1790243686499.319653,0,0,0
643,1790243686539.300553,0,0,0
644,1790243686579.336253,0,0,0
645,1790243686619.294553,0,0,0
646,1790243686659.302953,0,0,0
647,1790243686699.310053,0,0,0
648,1790243686739.309253,0,0,0
649,1790243686779.307253,0,0,0
650,1790243686819.320153,0,0,0
651,1790243686859.344453,0,0,0
652,1790243686899.492653,0,0,0
653,1790243686939.283453,0,0,0
654,1790243686979.359053,0,0,0
655,1790243687019.313953,0,0,0
656,1790243687059.303753,0,0,0
657,1790243687099.348953,0,0,0
658,1790243687139.251853,0,0,0
659,1790243687179.519853,0,0,0
660,1790243687219.312653,0,0,0
661,1790243687259.544753,0,0,0
662,1790243687299.253653,0,0,0
663,1790243687339.276353,0,0,0
664,1790243687379.310853,0,0,0
665,1790243687419.270953,0,0,0
666,1790243687459.254753,0,0,0
667,1790243687499.255853,0,0,0
668,1790243687539.246653,0,0,0
669,1790243687579.360953,0,0,0
670,1790243687619.269453,0,0,0
671,1790243687659.531753,0,0,0
672,1790243687699.272153,0,0,0
673,1790243687739.271053,0,0,0
674,1790243687779.247953,0,0,0
675,1790243687819.297953,0,0,0
676,1790243687859.247353,0,0,0
677,1790243687899.221953,0,0,0
678,1790243687939.204553,0,0,0
679,1790243687979.267353,0,0,0
680,1790243688019.242053,0,0,0
681,1790243688059.207353,0,0,0
682,1790243688099.226153,0,0,0
683,1790243688139.236153,0,0,0
684,1790243688179.226253,0,0,0
685,1790243688219.276553,0,0,0
686,1790243688259.324953,0,0,0
687,1790243688299.190353,0,0,0
688,1790243688339.220553,0,0,0
689,1790243688379.215753,0,0,0
690,1790243688419.295853,0,0,0
691,1790243688459.201753,0,0,0
692,1790243688499.305353,0,0,0
693,1790243688539.440953,0,0,0
694,1790243688579.735653,0,0,0
695,1790243688619.182853,0,0,0
696,1790243688659.242953,0,0,0
697,1790243688699.431853,0,0,0
698,1790243688739.631953,0,0,0
699,1790243688779.204253,0,0,0
700,1790243688819.216653,0,0,0
701,1790243688859.192253,0,0,0
702,1790243688899.167753,0,0,0
703,1790243688939.171153,0,0,0
704,1790243688979.185553,0,0,0
705,1790243689019.171753,0,0,0
706,1790243689059.166953,0,0,0
707,1790243689099.153053,0,0,0
708,1790243689139.165753,0,0,0
709,1790243689179.351553,0,0,0
710,1790243689219.165853,0,0,0
711,1790243689259.155953,0,0,0
712,1790243689299.191353,0,0,0
713,1790243689339.463053,0,0,0
714,1790243689379.173553,0,0,0
715,1790243689419.162253,0,0,0
716,1790243689459.118453,0,0,0
717,1790243689499.660653,0,0,0
718,1790243689539.459253,0,0,0
719,1790243689579.844353,0,0,0
720,1790243689619.413853,0,0,0
721,1790243689659.839253,0,0,0
722,1790243689699.178453,0,0,0
723,1790243689739.399753,0,0,0
724,1790243689779.143753,0,0,0
725,1790243689819.110453,0,0,0
726,1790243689859.274253,0,0,0
727,1790243689899.090753,0,0,0
728,1790243689939.108153,0,0,0
729,1790243689979.097853,0,0,0
730,1790243690019.112953,0,0,0
731,1790243690059.097653,0,0,0
732,1790243690099.137053,0,0,0
733,1790243690139.086153,0,0,0
734,1790243690179.269253,0,0,0
735,1790243690219.081353,0,0,0
736,1790243690259.103653,0,0,0
737,1790243690299.085753,0,0,0
738,1790243690339.074953,0,0,0
739,1790243690379.101553,0,0,0
740,1790243690419.066653,0,0,0
741,1790243690459.051353,0,0,0
742,1790243690499.052553,0,0,0
743,1790243690539.078453,0,0,0
744,1790243690579.106353,0,0,0
745,1790243690619.066153,0,0,0
746,1790243690659.061853,0,0,0
747,1790243690699.040753,0,0,0
748,1790243690739.092753,0,0,0
749,1790243690779.084353,0,0,0
750,1790243690819.097153,0,0,0
751,1790243690859.060653,0,0,0
752,1790243690899.073153,0,0,0
753,1790243690939.046753,0,0,0
754,1790243690979.058453,0,0,0
755,1790243691019.051953,0,0,0
756,1790243691059.053953,0,0,0
757,1790243691099.033353,0,0,0
758,1790243691139.023553,0,0,0
759,1790243691179.119053,0,0,0
760,1790243691219.036453,0,0,0
761,1790243691259.049353,125,0,100
762,1790243691299.015353,125,12.4825000762939,100
763,1790243691339.044553,125,23.406810760498,100
764,1790243691379.043553,125,32.9674377441406,100
765,1790243691419.004153,125,41.3346099853516,100
766,1790243691459.186853,125,48.6573104858398,100
767,1790243691499.156353,125,55.06591796875,100
768,1790243691539.008553,125,60.6745376586914,100
769,1790243691579.008953,125,65.5830383300781,100
770,1790243691619.003453,125,69.8788070678711,100
771,1790243691658.985353,125,73.6383361816406,100
772,1790243691699.021253,125,76.9285583496094,100
773,1790243691739.015953,115.357208251953,79.8080673217773,100
774,1790243691779.028353,100.959663391113,81.3651962280273,100
775,1790243691818.992053,93.1740188598633,81.2902145385742,100
776,1790243691858.993553,93.5489273071289,80.4471130371094,100
777,1790243691899.017053,97.7644348144531,79.746696472168,100
778,1790243691938.973653,101.26651763916,79.5546722412109,100
779,1790243691979.074053,102.226638793945,79.7363357543945,100
780,1790243692019.008953,101.318321228027,79.9912033081055,100
781,1790243692058.986453,100.043983459473,80.1235427856445,100
782,1790243692099.150753,99.3822860717773,80.1121139526367,100
783,1790243692139.446953,99.4394302368164,80.0360336303711,100
784,1790243692179.477953,99.8198318481445,79.9751586914063,100
785,1790243692218.991553,100.124206542969,79.9598693847656,100
786,1790243692258.985353,100.200653076172,79.9768829345703,100
787,1790243692298.983653,100.115585327148,79.9994049072266,100
788,1790243692339.014353,100.002975463867,80.0106201171875,100
789,1790243692379.038953,99.9468994140625,80.0091934204102,100
790,1790243692418.981453,99.9540328979492,80.0023422241211,100
791,1790243692458.955453,99.9882888793945,79.9970550537109,100
792,1790243692499.337353,100.014724731445,79.9958572387695,100
793,1790243692538.941253,100.020713806152,79.997444152832,100
794,1790243692578.992753,100.01277923584,79.9994277954102,100
795,1790243692618.929653,100.002861022949,80.000373840332,100
796,1790243692658.950153,99.9981307983398,80.0002059936523,100
797,1790243692699.089353,99.9989700317383,79.9995880126953,100
798,1790243692738.943453,100.002059936523,79.9991302490234,100
799,1790243692778.963553,100.004348754883,79.9990463256836,100
800,1790243692818.966353,100.004768371582,79.9991989135742,100
801,1790243692858.921853,100.004005432129,79.9993743896484,100
802,1790243692898.938653,100.003128051758,79.9994506835938,100
803,1790243692938.924953,100.002746582031,79.9994277954102,100
804,1790243692978.998553,100.002861022949,79.9993743896484,100
805,1790243693018.954053,100.003128051758,79.9993362426758,100
806,1790243693058.955653,100.003318786621,79.9993286132813,100
807,1790243693099.258453,100.003356933594,79.9993362426758,100
808,1790243693138.941853,100.003318786621,79.9993515014648,100
809,1790243693178.932953,100.003242492676,79.9993591308594,100
810,1790243693218.931953,100.003204345703,79.9993591308594,100
811,1790243693258.908753,100.003204345703,79.9993591308594,100
812,1790243693298.961253,100.003204345703,79.9993591308594,100
813,1790243693338.904353,100.003204345703,79.9993591308594,100
814,1790243693378.917153,100.003204345703,79.9993591308594,100
815,1790243693418.985553,100.003204345703,79.9993591308594,100
816,1790243693458.906853,100.003204345703,79.9993591308594,100
817,1790243693498.904553,100.003204345703,79.9993591308594,100
818,1790243693538.886553,100.003204345703,79.9993591308594,100
819,1790243693578.927053,100.003204345703,79.9993591308594,100
820,1790243693618.890853,100.003204345703,79.9993591308594,100
821,1790243693658.904553,100.003204345703,79.9993591308594,100
822,1790243693698.898653,100.003204345703,79.9993591308594,100
823,1790243693738.889553,100.003204345703,79.9993591308594,100
824,1790243693778.880353,100.003204345703,79.9993591308594,100
825,1790243693818.866153,100.003204345703,79.9993591308594,100
826,1790243693858.886553,100.003204345703,79.9993591308594,100
827,1790243693898.867953,100.003204345703,79.9993591308594,100
828,1790243693938.865553,100.003204345703,79.9993591308594,100
829,1790243693978.886653,100.003204345703,79.9993591308594,100
830,1790243694018.890453,100.003204345703,79.9993591308594,100
831,1790243694058.870853,100.003204345703,79.9993591308594,100
832,1790243694098.860853,100.003204345703,79.9993591308594,100
833,1790243694138.873253,100.003204345703,79.9993591308594,100
834,1790243694178.870253,100.003204345703,79.9993591308594,100
835,1790243694218.903853,100.003204345703,79.9993591308594,100
836,1790243694258.855153,100.003204345703,79.9993591308594,100
837,1790243694298.886553,100.003204345703,79.9993591308594,100
838,1790243694338.869453,100.003204345703,79.9993591308594,100
839,1790243694378.883553,100.003204345703,79.9993591308594,100
840,1790243694418.838053,100.003204345703,79.9993591308594,100
841,1790243694458.835253,100.003204345703,79.9993591308594,100
842,1790243694498.873053,100.003204345703,79.9993591308594,100
843,1790243694538.829153,100.003204345703,79.9993591308594,100
844,1790243694578.962053,100.003204345703,79.9993591308594,100
845,1790243694618.827053,100.003204345703,79.9993591308594,100
846,1790243694658.918553,100.003204345703,79.9993591308594,100
847,1790243694698.852453,100.003204345703,79.9993591308594,100
848,1790243694738.823653,100.003204345703,79.9993591308594,100
849,1790243694778.807453,100.003204345703,79.9993591308594,100
850,1790243694818.809753,100.003204345703,79.9993591308594,100
851,1790243694858.826653,100.003204345703,79.9993591308594,100
852,1790243694898.815353,100.003204345703,79.9993591308594,100
853,1790243694938.838553,100.003204345703,79.9993591308594,100
854,1790243694978.817253,100.003204345703,79.9993591308594,100
855,1790243695018.815953,100.003204345703,79.9993591308594,100
856,1790243695058.798053,100.003204345703,79.9993591308594,100
857,1790243695098.801953,100.003204345703,79.9993591308594,100
858,1790243695138.772953,100.003204345703,79.9993591308594,100
859,1790243695178.791153,100.003204345703,79.9993591308594,100
860,1790243695218.807453,100.003204345703,79.9993591308594,100
861,1790243695258.799553,100.003204345703,79.9993591308594,100
862,1790243695298.785053,100.003204345703,79.9993591308594,100
863,1790243695338.784853,100.003204345703,79.9993591308594,100
864,1790243695378.768353,100.003204345703,79.9993591308594,100
865,1790243695418.791753,100.003204345703,79.9993591308594,100
866,1790243695458.764653,100.003204345703,79.9993591308594,100
867,1790243695498.785553,100.003204345703,79.9993591308594,100
868,1790243695538.760053,100.003204345703,79.9993591308594,100
869,1790243695578.775353,100.003204345703,79.9993591308594,100
870,1790243695618.759753,100.003204345703,79.9993591308594,100
871,1790243695658.770353,100.003204345703,79.9993591308594,100
872,1790243695698.762953,100.003204345703,79.9993591308594,100
873,1790243695738.747553,100.003204345703,79.9993591308594,100
874,1790243695778.780153,100.003204345703,79.9993591308594,100
875,1790243695818.757953,100.003204345703,79.9993591308594,100
876,1790243695858.752053,100.003204345703,79.9993591308594,100
877,1790243695898.733953,100.003204345703,79.9993591308594,100
878,1790243695938.734353,100.003204345703,79.9993591308594,100
879,1790243695978.770453,100.003204345703,79.9993591308594,100
880,1790243696018.759453,100.003204345703,79.9993591308594,100
881,1790243696059.402453,100.003204345703,79.9993591308594,100
882,1790243696099.423253,100.003204345703,79.9993591308594,100
883,1790243696139.588153,100.003204345703,79.9993591308594,100
884,1790243696179.432053,100.003204345703,79.9993591308594,100
885,1790243696219.469653,100.003204345703,79.9993591308594,100
886,1790243696259.433053,100.003204345703,79.9993591308594,100
887,1790243696299.400153,100.003204345703,79.9993591308594,100
888,1790243696339.416453,100.003204345703,79.9993591308594,100
889,1790243696379.443853,100.003204345703,79.9993591308594,100
890,1790243696419.396653,100.003204345703,79.9993591308594,100
891,1790243696459.436953,100.003204345703,79.9993591308594,100
892,1790243696499.372253,100.003204345703,79.9993591308594,100
893,1790243696539.390553,100.003204345703,79.9993591308594,100
894,1790243696579.506353,100.003204345703,79.9993591308594,100
895,1790243696619.430453,100.003204345703,79.9993591308594,100
896,1790243696660.584053,100.003204345703,79.9993591308594,100
897,1790243696699.377453,100.003204345703,79.9993591308594,100
898,1790243696739.376453,100.003204345703,79.9993591308594,100
899,1790243696779.425453,100.003204345703,79.9993591308594,100
900,1790243696819.356153,100.003204345703,79.9993591308594,100
901,1790243696859.385453,100.003204345703,79.9993591308594,100
902,1790243696899.369053,100.003204345703,79.9993591308594,100
903,1790243696939.370353,100.003204345703,79.9993591308594,100
904,1790243696979.366853,100.003204345703,79.9993591308594,100
905,1790243697019.414953,100.003204345703,79.9993591308594,100
906,1790243697059.371653,100.003204345703,79.9993591308594,100
907,1790243697099.352953,100.003204345703,79.9993591308594,100
908,1790243697139.389553,100.003204345703,79.9993591308594,100
909,1790243697179.367953,100.003204345703,79.9993591308594,100
910,1790243697219.361853,100.003204345703,79.9993591308594,100
911,1790243697259.343353,100.003204345703,79.9993591308594,100
912,1790243697299.392853,100.003204345703,79.9993591308594,100
913,1790243697339.462753,100.003204345703,79.9993591308594,100
914,1790243697379.504553,100.003204345703,79.9993591308594,100
915,1790243697419.336853,100.003204345703,79.9993591308594,100
916,1790243697459.329753,100.003204345703,79.9993591308594,100
917,1790243697499.312653,100.003204345703,79.9993591308594,100
918,1790243697539.330953,100.003204345703,79.9993591308594,100
919,1790243697579.380653,100.003204345703,79.9993591308594,100
920,1790243697619.546253,100.003204345703,79.9993591308594,100
921,1790243697659.325353,100.003204345703,79.9993591308594,100
922,1790243697699.323353,100.003204345703,79.9993591308594,100
923,1790243697739.338053,100.003204345703,79.9993591308594,100
924,1790243697779.322753,100.003204345703,79.9993591308594,100
925,1790243697819.291353,100.003204345703,79.9993591308594,100
926,1790243697859.314853,100.003204345703,79.9993591308594,100
927,1790243697899.377353,100.003204345703,79.9993591308594,100
928,1790243697939.287853,100.003204345703,79.9993591308594,100
929,1790243697979.434453,100.003204345703,79.9993591308594,100
930,1790243698019.278253,100.003204345703,79.9993591308594,100
931,1790243698059.277853,100.003204345703,79.9993591308594,100
932,1790243698099.265453,100.003204345703,79.9993591308594,100
933,1790243698139.274153,100.003204345703,79.9993591308594,100
934,1790243698179.453053,100.003204345703,79.9993591308594,100
935,1790243698219.297853,100.003204345703,79.9993591308594,100
936,1790243698259.638253,100.003204345703,79.9993591308594,100
937,1790243698299.266653,100.003204345703,79.9993591308594,100
938,1790243698339.275753,100.003204345703,79.9993591308594,100
939,1790243698379.262453,100.003204345703,79.9993591308594,100
940,1790243698419.319853,100.003204345703,79.9993591308594,100
941,1790243698459.272853,100.003204345703,79.9993591308594,100
942,1790243698499.299453,100.003204345703,79.9993591308594,100
943,1790243698540.512353,100.003204345703,79.9993591308594,100
944,1790243698579.332353,100.003204345703,79.9993591308594,100
945,1790243698619.307953,100.003204345703,79.9993591308594,100
946,1790243698659.276953,100.003204345703,79.9993591308594,100
947,1790243698699.254053,100.003204345703,79.9993591308594,100
948,1790243698739.283153,100.003204345703,79.9993591308594,100
949,1790243698779.346653,100.003204345703,79.9993591308594,100
950,1790243698819.244053,100.003204345703,79.9993591308594,100
951,1790243698859.254253,100.003204345703,79.9993591308594,100
952,1790243698899.326453,100.003204345703,79.9993591308594,100
953,1790243698939.340553,100.003204345703,79.9993591308594,100
954,1790243698979.266653,100.003204345703,79.9993591308594,100
955,1790243699019.268553,100.003204345703,79.9993591308594,100
956,1790243699059.278353,100.003204345703,79.9993591308594,100
957,1790243699099.234953,100.003204345703,79.9993591308594,100
958,1790243699139.244453,100.003204345703,79.9993591308594,100
959,1790243699179.270553,100.003204345703,79.9993591308594,100
960,1790243699219.246353,100.003204345703,79.9993591308594,100
961,1790243699259.260053,100.003204345703,79.9993591308594,100
962,1790243699299.372553,100.003204345703,79.9993591308594,100
963,1790243699339.226753,100.003204345703,79.9993591308594,100
964,1790243699379.240753,100.003204345703,79.9993591308594,100
965,1790243699419.292053,100.003204345703,79.9993591308594,100
966,1790243699459.218253,100.003204345703,79.9993591308594,100
967,1790243699499.228153,100.003204345703,79.9993591308594,100
968,1790243699539.217553,100.003204345703,79.9993591308594,100
969,1790243699579.299253,100.003204345703,79.9993591308594,100
970,1790243699619.193053,100.003204345703,79.9993591308594,100
971,1790243699659.200653,100.003204345703,79.9993591308594,100
972,1790243699699.443053,100.003204345703,79.9993591308594,100
973,1790243699739.192953,100.003204345703,79.9993591308594,100
974,1790243699779.350153,100.003204345703,79.9993591308594,100
975,1790243699819.179853,100.003204345703,79.9993591308594,100
976,1790243699859.180453,100.003204345703,79.9993591308594,100
977,1790243699899.187253,100.003204345703,79.9993591308594,100
978,1790243699939.276253,100.003204345703,79.9993591308594,100
979,1790243699979.181853,100.003204345703,79.9993591308594,100
980,1790243700019.189653,100.003204345703,79.9993591308594,100
981,1790243700059.180053,100.003204345703,79.9993591308594,100
982,1790243700099.212753,100.003204345703,79.9993591308594,100
983,1790243700139.183853,100.003204345703,79.9993591308594,100
984,1790243700179.195353,100.003204345703,79.9993591308594,100
985,1790243700219.190553,100.003204345703,79.9993591308594,100
986,1790243700259.147853,100.003204345703,79.9993591308594,100
987,1790243700299.330953,100.003204345703,79.9993591308594,100
988,1790243700339.178953,100.003204345703,79.9993591308594,100
989,1790243700379.176753,100.003204345703,79.9993591308594,100
990,1790243700419.136653,100.003204345703,79.9993591308594,100
991,1790243700459.155653,100.003204345703,79.9993591308594,100
992,1790243700499.265853,100.003204345703,79.9993591308594,100
993,1790243700539.191053,100.003204345703,79.9993591308594,100
994,1790243700579.147353,100.003204345703,79.9993591308594,100
995,1790243700619.163353,100.003204345703,79.9993591308594,100
996,1790243700659.149653,100.003204345703,79.9993591308594,100
997,1790243700699.449053,100.003204345703,79.9993591308594,100
998,1790243700739.136353,100.003204345703,79.9993591308594,100
999,1790243700779.145953,100.003204345703,79.9993591308594,100
1000,1790243700819.218953,100.003204345703,79.9993591308594,100
1001,1790243700859.107653,100.003204345703,79.9993591308594,100
1002,1790243700899.130953,100.003204345703,79.9993591308594,100
1003,1790243700939.149553,100.003204345703,79.9993591308594,100
1004,1790243700979.200353,100.003204345703,79.9993591308594,100
1005,1790243701019.139953,100.003204345703,79.9993591308594,100
1006,1790243701059.124753,100.003204345703,79.9993591308594,100
1007,1790243701099.121353,100.003204345703,79.9993591308594,100
1008,1790243701139.144753,100.003204345703,79.9993591308594,100
1009,1790243701179.600553,100.003204345703,79.9993591308594,100
1010,1790243701219.155253,100.003204345703,79.9993591308594,100
1011,1790243701259.299253,100.003204345703,79.9993591308594,100
1012,1790243701299.103753,100.003204345703,79.9993591308594,100
1013,1790243701339.119453,100.003204345703,79.9993591308594,100
1014,1790243701379.115353,100.003204345703,79.9993591308594,100
1015,1790243701419.119953,100.003204345703,79.9993591308594,100
1016,1790243701459.110753,100.003204345703,79.9993591308594,100
1017,1790243701499.092053,100.003204345703,79.9993591308594,100
1018,1790243701539.104453,100.003204345703,79.9993591308594,100
1019,1790243701579.120653,100.003204345703,79.9993591308594,100
1020,1790243701619.116953,100.003204345703,79.9993591308594,100
1021,1790243701659.090853,100.003204345703,79.9993591308594,100
1022,1790243701699.161653,100.003204345703,79.9993591308594,100
1023,1790243701740.478353,100.003204345703,79.9993591308594,100
1024,1790243701779.086153,100.003204345703,79.9993591308594,100
1025,1790243701819.103553,100.003204345703,79.9993591308594,100
1026,1790243701859.128153,100.003204345703,79.9993591308594,100
1027,1790243701899.084853,100.003204345703,79.9993591308594,100
1028,1790243701939.104553,100.003204345703,79.9993591308594,100
1029,1790243701979.065753,100.003204345703,79.9993591308594,100
1030,1790243702019.098953,100.003204345703,79.9993591308594,100
1031,1790243702059.121753,100.003204345703,79.9993591308594,100
1032,1790243702099.069753,100.003204345703,79.9993591308594,100
1033,1790243702139.078353,100.003204345703,79.9993591308594,100
1034,1790243702179.088053,100.003204345703,79.9993591308594,100
1035,1790243702219.114653,100.003204345703,79.9993591308594,100
1036,1790243702259.050653,100.003204345703,79.9993591308594,100
1037,1790243702299.022853,100.003204345703,79.9993591308594,100
1038,1790243702339.055353,100.003204345703,79.9993591308594,100
1039,1790243702379.122453,100.003204345703,79.9993591308594,100
1040,1790243702419.041053,100.003204345703,79.9993591308594,100
1041,1790243702459.034653,100.003204345703,79.9993591308594,100
1042,1790243702499.146653,100.003204345703,79.9993591308594,100
1043,1790243702539.026353,100.003204345703,79.9993591308594,100
1044,1790243702579.511153,100.003204345703,79.9993591308594,100
1045,1790243702619.275853,100.003204345703,79.9993591308594,100
1046,1790243702659.008853,100.003204345703,79.9993591308594,100
1047,1790243702699.029753,100.003204345703,79.9993591308594,100
1048,1790243702739.042053,100.003204345703,79.9993591308594,100
1049,1790243702779.010553,100.003204345703,79.9993591308594,100
1050,1790243702819.020253,100.003204345703,79.9993591308594,100
1051,1790243702859.145353,100.003204345703,79.9993591308594,100
1052,1790243702899.030553,100.003204345703,79.9993591308594,100
1053,1790243702939.014553,100.003204345703,79.9993591308594,100
1054,1790243702979.012453,100.003204345703,79.9993591308594,100
1055,1790243703018.986753,100.003204345703,79.9993591308594,100
1056,1790243703059.410453,100.003204345703,79.9993591308594,100
1057,1790243703099.469153,100.003204345703,79.9993591308594,100
1058,1790243703138.990653,100.003204345703,79.9993591308594,100
1059,1790243703178.985953,100.003204345703,79.9993591308594,100
1060,1790243703218.994353,100.003204345703,79.9993591308594,100
1061,1790243703258.981453,100.003204345703,79.9993591308594,100
1062,1790243703299.022953,100.003204345703,79.9993591308594,100
1063,1790243703338.998653,100.003204345703,79.9993591308594,100
1064,1790243703378.983353,100.003204345703,79.9993591308594,100
1065,1790243703418.961453,100.003204345703,79.9993591308594,100
1066,1790243703458.992853,100.003204345703,79.9993591308594,100
1067,1790243703499.001153,100.003204345703,79.9993591308594,100
1068,1790243703538.956753,100.003204345703,79.9993591308594,100
1069,1790243703578.988453,100.003204345703,79.9993591308594,100
1070,1790243703619.004453,100.003204345703,79.9993591308594,100
1071,1790243703658.942053,100.003204345703,79.9993591308594,100
1072,1790243703699.264753,100.003204345703,79.9993591308594,100
1073,1790243703739.058953,100.003204345703,79.9993591308594,100
1074,1790243703778.949753,100.003204345703,79.9993591308594,100
1075,1790243703818.939753,100.003204345703,79.9993591308594,100
1076,1790243703858.931153,100.003204345703,79.9993591308594,100
1077,1790243703898.936553,100.003204345703,79.9993591308594,100
1078,1790243703938.954053,100.003204345703,79.9993591308594,100
1079,1790243703978.957353,100.003204345703,79.9993591308594,100
1080,1790243704018.942453,100.003204345703,79.9993591308594,100
1081,1790243704058.945253,100.003204345703,79.9993591308594,100
1082,1790243704098.966553,100.003204345703,79.9993591308594,100
1083,1790243704138.947053,100.003204345703,79.9993591308594,100
1084,1790243704178.967953,100.003204345703,79.9993591308594,100
1085,1790243704218.960553,100.003204345703,79.9993591308594,100
1086,1790243704258.993653,100.003204345703,79.9993591308594,100
1087,1790243704298.936053,100.003204345703,79.9993591308594,100
1088,1790243704338.918153,100.003204345703,79.9993591308594,100
1089,1790243704378.929153,100.003204345703,79.9993591308594,100
1090,1790243704418.916753,100.003204345703,79.9993591308594,100
1091,1790243704458.928653,100.003204345703,79.9993591308594,100
1092,1790243704498.925753,100.003204345703,79.9993591308594,100
1093,1790243704538.908853,100.003204345703,79.9993591308594,100
1094,1790243704578.924053,100.003204345703,79.9993591308594,100
1095,1790243704618.926953,100.003204345703,79.9993591308594,100
1096,1790243704658.933453,100.003204345703,79.9993591308594,100
1097,1790243704698.898953,100.003204345703,79.9993591308594,100
1098,1790243704738.916053,100.003204345703,79.9993591308594,100
1099,1790243704778.926153,100.003204345703,79.9993591308594,100
1100,1790243704818.896953,100.003204345703,79.9993591308594,100
1101,1790243704858.889253,100.003204345703,79.9993591308594,100
1102,1790243704898.879053,100.003204345703,79.9993591308594,100
1103,1790243704938.887353,100.003204345703,79.9993591308594,100
1104,1790243704978.871753,100.003204345703,79.9993591308594,100
1105,1790243705018.907953,100.003204345703,79.9993591308594,100
1106,1790243705058.887653,100.003204345703,79.9993591308594,100
1107,1790243705098.909753,100.003204345703,79.9993591308594,100
1108,1790243705138.861953,100.003204345703,79.9993591308594,100
1109,1790243705178.887453,100.003204345703,79.9993591308594,100
1110,1790243705218.938353,100.003204345703,79.9993591308594,100
1111,1790243705258.850953,100.003204345703,79.9993591308594,100
1112,1790243705298.907653,100.003204345703,79.9993591308594,100
1113,1790243705338.870953,100.003204345703,79.9993591308594,100
1114,1790243705378.853053,100.003204345703,79.9993591308594,100
1115,1790243705418.859653,100.003204345703,79.9993591308594,100
1116,1790243705458.839253,100.003204345703,79.9993591308594,100
1117,1790243705498.863253,100.003204345703,79.9993591308594,100
1118,1790243705538.947353,100.003204345703,79.9993591308594,100
1119,1790243705578.854253,100.003204345703,79.9993591308594,100
1120,1790243705618.827853,100.003204345703,79.9993591308594,100
1121,1790243705658.823053,100.003204345703,79.9993591308594,100
1122,1790243705698.828053,100.003204345703,79.9993591308594,100
1123,1790243705738.823053,100.003204345703,79.9993591308594,100
1124,1790243705778.855453,100.003204345703,79.9993591308594,100
1125,1790243705818.843453,100.003204345703,79.9993591308594,100
1126,1790243705858.919353,100.003204345703,79.9993591308594,100
1127,1790243705898.812053,100.003204345703,79.9993591308594,100
1128,1790243705938.901353,100.003204345703,79.9993591308594,100
1129,1790243705978.835453,100.003204345703,79.9993591308594,100
1130,1790243706018.949753,100.003204345703,79.9993591308594,100
1131,1790243706058.937153,100.003204345703,79.9993591308594,100
1132,1790243706098.850653,100.003204345703,79.9993591308594,100
1133,1790243706138.797753,100.003204345703,79.9993591308594,100
1134,1790243706178.822153,100.003204345703,79.9993591308594,100
1135,1790243706218.888953,100.003204345703,79.9993591308594,100
1136,1790243706258.804953,100.003204345703,79.9993591308594,100
1137,1790243706298.802253,100.003204345703,79.9993591308594,100
1138,1790243706338.803653,100.003204345703,79.9993591308594,100
1139,1790243706378.814453,100.003204345703,79.9993591308594,100
1140,1790243706418.796953,100.003204345703,79.9993591308594,100
1141,1790243706458.839053,100.003204345703,79.9993591308594,100
1142,1790243706498.765853,100.003204345703,79.9993591308594,100
1143,1790243706538.835553,100.003204345703,79.9993591308594,100
1144,1790243706578.805153,100.003204345703,79.9993591308594,100
1145,1790243706619.316353,100.003204345703,79.9993591308594,100
1146,1790243706658.845853,100.003204345703,79.9993591308594,100
1147,1790243706698.753553,100.003204345703,79.9993591308594,100
1148,1790243706738.779053,100.003204345703,79.9993591308594,100
1149,1790243706778.840453,100.003204345703,79.9993591308594,100
1150,1790243706818.761053,100.003204345703,79.9993591308594,100
1151,1790243706858.778153,100.003204345703,79.9993591308594,100
1152,1790243706899.377153,100.003204345703,79.9993591308594,100
1153,1790243706939.178453,100.003204345703,79.9993591308594,100
1154,1790243706978.832653,100.003204345703,79.9993591308594,100
1155,1790243707018.757853,100.003204345703,79.9993591308594,100
1156,1790243707062.973453,100.003204345703,79.9993591308594,100
1157,1790243707102.972753,100.003204345703,79.9993591308594,100
1158,1790243707142.985753,100.003204345703,79.9993591308594,100
1159,1790243707183.024453,100.003204345703,79.9993591308594,100
1160,1790243707222.976653,100.003204345703,79.9993591308594,100
1161,1790243707262.973353,100.003204345703,79.9993591308594,100
1162,1790243707302.967153,100.003204345703,79.9993591308594,100
1163,1790243707342.971653,100.003204345703,79.9993591308594,100
1164,1790243707382.958153,100.003204345703,79.9993591308594,100
1165,1790243707422.970653,100.003204345703,79.9993591308594,100
1166,1790243707462.994953,100.003204345703,79.9993591308594,100
1167,1790243707502.973753,100.003204345703,79.9993591308594,100
1168,1790243707543.057253,100.003204345703,79.9993591308594,100
1169,1790243707583.041953,100.003204345703,79.9993591308594,100
1170,1790243707623.265953,100.003204345703,79.9993591308594,100
1171,1790243707662.961853,100.003204345703,79.9993591308594,100
1172,1790243707702.956353,100.003204345703,79.9993591308594,100
1173,1790243707743.569453,100.003204345703,79.9993591308594,100
1174,1790243707783.811453,100.003204345703,79.9993591308594,100
1175,1790243707823.514153,100.003204345703,79.9993591308594,100
1176,1790243707863.582253,100.003204345703,79.9993591308594,100
1177,1790243707903.117453,100.003204345703,79.9993591308594,100
1178,1790243707943.337453,100.003204345703,79.9993591308594,100
1179,1790243707982.930453,100.003204345703,79.9993591308594,100
1180,1790243708022.914953,100.003204345703,79.9993591308594,100
1181,1790243708062.952953,100.003204345703,79.9993591308594,100
1182,1790243708102.896353,100.003204345703,79.9993591308594,100
1183,1790243708142.913453,100.003204345703,79.9993591308594,100
1184,1790243708182.900153,100.003204345703,79.9993591308594,100
1185,1790243708222.946353,100.003204345703,79.9993591308594,100
1186,1790243708262.894753,100.003204345703,79.9993591308594,100
1187,1790243708302.911453,100.003204345703,79.9993591308594,100
1188,1790243708342.902953,100.003204345703,79.9993591308594,100
1189,1790243708382.893153,100.003204345703,79.9993591308594,100
1190,1790243708422.937753,100.003204345703,79.9993591308594,100
1191,1790243708462.897753,100.003204345703,79.9993591308594,100
1192,1790243708502.924453,100.003204345703,79.9993591308594,100
1193,1790243708542.883153,100.003204345703,79.9993591308594,100
1194,1790243708583.109853,100.003204345703,79.9993591308594,100
1195,1790243708622.893353,100.003204345703,79.9993591308594,100
1196,1790243708662.898853,100.003204345703,79.9993591308594,100
1197,1790243708702.883053,100.003204345703,79.9993591308594,100
1198,1790243708742.871253,100.003204345703,79.9993591308594,100
1199,1790243708782.889253,100.003204345703,79.9993591308594,100
1200,1790243708822.940453,100.003204345703,79.9993591308594,100
1201,1790243708862.889253,100.003204345703,79.9993591308594,100
1202,1790243708902.896253,100.003204345703,79.9993591308594,100
1203,1790243708942.865853,100.003204345703,79.9993591308594,100
1204,1790243708982.874953,100.003204345703,79.9993591308594,100
1205,1790243709022.851053,100.003204345703,79.9993591308594,100
1206,1790243709062.847653,100.003204345703,79.9993591308594,100
1207,1790243709102.836153,100.003204345703,79.9993591308594,100
1208,1790243709142.852453,100.003204345703,79.9993591308594,100
1209,1790243709182.856253,100.003204345703,79.9993591308594,100
1210,1790243709222.845853,100.003204345703,79.9993591308594,100
1211,1790243709262.842353,100.003204345703,79.9993591308594,100
1212,1790243709302.859053,100.003204345703,79.9993591308594,100
1213,1790243709342.952053,100.003204345703,79.9993591308594,100
1214,1790243709382.838953,100.003204345703,79.9993591308594,100
1215,1790243709422.845853,100.003204345703,79.9993591308594,100
1216,1790243709462.825553,100.003204345703,79.9993591308594,100
1217,1790243709502.933553,100.003204345703,79.9993591308594,100
1218,1790243709542.877653,100.003204345703,79.9993591308594,100
1219,1790243709582.923953,100.003204345703,79.9993591308594,100
1220,1790243709622.869953,100.003204345703,79.9993591308594,100
1221,1790243709662.855553,100.003204345703,79.9993591308594,100
1222,1790243709702.859453,100.003204345703,79.9993591308594,100
1223,1790243709742.822853,100.003204345703,79.9993591308594,100
1224,1790243709782.832553,100.003204345703,79.9993591308594,100
1225,1790243709822.826253,100.003204345703,79.9993591308594,100
1226,1790243709862.811753,100.003204345703,79.9993591308594,100
1227,1790243709902.801553,100.003204345703,79.9993591308594,100
1228,1790243709942.801153,100.003204345703,79.9993591308594,100
1229,1790243709982.807053,100.003204345703,79.9993591308594,100
1230,1790243710022.815953,100.003204345703,79.9993591308594,100
1231,1790243710062.831953,100.003204345703,79.9993591308594,100
1232,1790243710102.818053,100.003204345703,79.9993591308594,100
1233,1790243710142.778853,100.003204345703,79.9993591308594,100
1234,1790243710182.800353,100.003204345703,79.9993591308594,100
1235,1790243710222.796453,100.003204345703,79.9993591308594,100
1236,1790243710262.784453,100.003204345703,79.9993591308594,100
1237,1790243710302.796453,100.003204345703,79.9993591308594,100
1238,1790243710342.911653,100.003204345703,79.9993591308594,100
1239,1790243710382.761153,100.003204345703,79.9993591308594,100
1240,1790243710422.783253,100.003204345703,79.9993591308594,100
1241,1790243710462.768853,100.003204345703,79.9993591308594,100
1242,1790243710502.833953,100.003204345703,79.9993591308594,100
1243,1790243710542.775753,100.003204345703,79.9993591308594,100
1244,1790243710582.824753,100.003204345703,79.9993591308594,100
1245,1790243710622.780053,100.003204345703,79.9993591308594,100
1246,1790243710662.776353,100.003204345703,79.9993591308594,100
1247,1790243710702.862753,100.003204345703,79.9993591308594,100
1248,1790243710742.764253,100.003204345703,79.9993591308594,100
1249,1790243710782.809153,100.003204345703,79.9993591308594,100
1250,1790243710822.814653,100.003204345703,79.9993591308594,100
1251,1790243710862.740653,100.003204345703,79.9993591308594,100
1252,1790243710902.742353,100.003204345703,79.9993591308594,100
1253,1790243710942.726853,100.003204345703,79.9993591308594,100
1254,1790243710982.735953,100.003204345703,79.9993591308594,100
1255,1790243711022.738653,100.003204345703,79.9993591308594,100
1256,1790243711062.718153,100.003204345703,79.9993591308594,100
1257,1790243711102.756153,100.003204345703,79.9993591308594,100
1258,1790243711142.770153,100.003204345703,79.9993591308594,100
1259,1790243711182.757553,100.003204345703,79.9993591308594,100
1260,1790243711222.725353,100.003204345703,79.9993591308594,100
1261,1790243711262.726353,100.003204345703,79.9993591308594,100
1262,1790243711302.739753,100.003204345703,79.9993591308594,100
1263,1790243711342.737253,100.003204345703,79.9993591308594,100
1264,1790243711382.707653,100.003204345703,79.9993591308594,100
1265,1790243711422.704653,100.003204345703,79.9993591308594,100
1266,1790243711462.741053,100.003204345703,79.9993591308594,100
1267,1790243711502.728353,100.003204345703,79.9993591308594,100
1268,1790243711542.975553,100.003204345703,79.9993591308594,100
1269,1790243711582.864453,100.003204345703,79.9993591308594,100
1270,1790243711622.703053,100.003204345703,79.9993591308594,100
1271,1790243711662.689853,100.003204345703,79.9993591308594,100
1272,1790243711702.699253,100.003204345703,79.9993591308594,100
1273,1790243711742.709653,100.003204345703,79.9993591308594,100
1274,1790243711782.673553,100.003204345703,79.9993591308594,100
1275,1790243711822.696653,100.003204345703,79.9993591308594,100
1276,1790243711862.680753,100.003204345703,79.9993591308594,100
1277,1790243711902.672853,100.003204345703,79.9993591308594,100
1278,1790243711942.665553,100.003204345703,79.9993591308594,100
1279,1790243711982.681853,100.003204345703,79.9993591308594,100
1280,1790243712022.676153,100.003204345703,79.9993591308594,100
1281,1790243712062.649653,100.003204345703,79.9993591308594,100
1282,1790243712102.657753,100.003204345703,79.9993591308594,100
1283,1790243712142.670153,100.003204345703,79.9993591308594,100
1284,1790243712182.694853,100.003204345703,79.9993591308594,100
1285,1790243712222.668153,100.003204345703,79.9993591308594,100
1286,1790243712262.670753,100.003204345703,79.9993591308594,100
1287,1790243712302.646053,100.003204345703,79.9993591308594,100
1288,1790243712342.638653,100.003204345703,79.9993591308594,100
1289,1790243712382.642553,100.003204345703,79.9993591308594,100
1290,1790243712422.695553,100.003204345703,79.9993591308594,100
1291,1790243712462.673853,100.003204345703,79.9993591308594,100
1292,1790243712502.722353,100.003204345703,79.9993591308594,100
1293,1790243712542.650253,100.003204345703,79.9993591308594,100
1294,1790243712582.691653,100.003204345703,79.9993591308594,100
1295,1790243712622.660753,100.003204345703,79.9993591308594,100
1296,1790243712662.614353,100.003204345703,79.9993591308594,100
1297,1790243712702.629353,100.003204345703,79.9993591308594,100
1298,1790243712743.091753,100.003204345703,79.9993591308594,100
1299,1790243712783.801053,100.003204345703,79.9993591308594,100
1300,1790243712822.702853,100.003204345703,79.9993591308594,100
1301,1790243712862.645353,100.003204345703,79.9993591308594,100
1302,1790243712902.628253,100.003204345703,79.9993591308594,100
1303,1790243712942.598153,100.003204345703,79.9993591308594,100
1304,1790243712982.608653,100.003204345703,79.9993591308594,100
1305,1790243713023.742253,100.003204345703,79.9993591308594,100
1306,1790243713062.617653,100.003204345703,79.9993591308594,100
1307,1790243713102.602853,100.003204345703,79.9993591308594,100
1308,1790243713142.613753,100.003204345703,79.9993591308594,100
1309,1790243713182.681453,100.003204345703,79.9993591308594,100
1310,1790243713222.608653,100.003204345703,79.9993591308594,100
1311,1790243713262.576053,100.003204345703,79.9993591308594,100
1312,1790243713302.573853,100.003204345703,79.9993591308594,100
1313,1790243713342.621353,100.003204345703,79.9993591308594,100
1314,1790243713382.984053,100.003204345703,79.9993591308594,100
1315,1790243713422.870753,100.003204345703,79.9993591308594,100
1316,1790243713462.707553,100.003204345703,79.9993591308594,100
