Sample,X(ms) [22.09.2026 22:43:05 543 UTC],"matematicko_upravljanje[%MD18]","izlazna_vrednost_objekta[%MD14]","vrednost_upravljanja[%MD10]"
2,1790116971984.043934,0,0,0
3,1790116972024.042534,0,0,0
4,1790116972064.026134,0,0,0
5,1790116972104.038834,0,0,0
6,1790116972144.014234,0,0,0
7,1790116972184.038734,0,0,0
8,1790116972224.041034,0,0,0
9,1790116972264.035434,0,0,0
10,1790116972304.028034,0,0,0
11,1790116972344.047434,0,0,0
12,1790116972384.022734,0,0,0
13,1790116972423.996534,0,0,0
14,1790116972464.014034,0,0,0
15,1790116972503.994134,0,0,0
16,1790116972544.002534,0,0,0
17,1790116972584.007534,0,0,0
18,1790116972624.000334,0,0,0
19,1790116972663.989234,0,0,0
20,1790116972704.000234,0,0,0
21,1790116972743.998734,0,0,0
22,1790116972783.985434,0,0,0
23,1790116972823.993734,0,0,0
24,1790116972864.006534,0,0,0
25,1790116972903.986034,0,0,0
26,1790116972943.992334,0,0,0
27,1790116972983.997634,0,0,0
28,1790116973023.978934,0,0,0
29,1790116973063.988134,0,0,0
30,1790116973103.970834,0,0,0
31,1790116973143.961834,0,0,0
32,1790116973183.959534,0,0,0
33,1790116973223.979634,0,0,0
34,1790116973263.983034,0,0,0
35,1790116973303.948734,0,0,0
36,1790116973343.966834,0,0,0
37,1790116973383.965634,0,0,0
38,1790116973423.961234,0,0,0
39,1790116973463.934834,0,0,0
40,1790116973503.939234,0,0,0
41,1790116973543.956534,0,0,0
42,1790116973583.946134,0,0,0
43,1790116973623.937134,0,0,0
44,1790116973663.948234,0,0,0
45,1790116973703.960034,0,0,0
46,1790116973743.935834,0,0,0
47,1790116973783.916634,0,0,0
48,1790116973823.924934,0,0,0
49,1790116973863.925734,0,0,0
50,1790116973903.916634,0,0,0
51,1790116973943.926534,0,0,0
52,1790116973983.920734,0,0,0
53,1790116974023.923934,0,0,0
54,1790116974063.906334,0,0,0
55,1790116974103.924834,0,0,0
56,1790116974143.936334,0,0,0
57,1790116974183.906434,0,0,0
58,1790116974223.913034,0,0,0
59,1790116974263.923934,0,0,0
60,1790116974303.903934,0,0,0
61,1790116974343.917434,0,0,0
62,1790116974383.884234,0,0,0
63,1790116974423.920734,0,0,0
64,1790116974463.897534,0,0,0
65,1790116974503.893734,0,0,0
66,1790116974543.890034,0,0,0
67,1790116974583.885934,0,0,0
68,1790116974623.919334,0,0,0
69,1790116974663.876234,0,0,0
70,1790116974703.897434,0,0,0
71,1790116974743.889934,0,0,0
72,1790116974783.892034,0,0,0
73,1790116974823.882034,0,0,0
74,1790116974863.861534,0,0,0
75,1790116974903.880134,0,0,0
76,1790116974943.925934,0,0,0
77,1790116974983.853534,0,0,0
78,1790116975023.861734,0,0,0
79,1790116975063.863434,0,0,0
80,1790116975103.864834,0,0,0
81,1790116975143.877534,0,0,0
82,1790116975183.863234,0,0,0
83,1790116975223.875834,0,0,0
84,1790116975263.839234,0,0,0
85,1790116975303.860634,0,0,0
86,1790116975343.856234,0,0,0
87,1790116975383.860634,0,0,0
88,1790116975423.843234,0,0,0
89,1790116975463.835634,0,0,0
90,1790116975503.832434,0,0,0
91,1790116975543.855234,0,0,0
92,1790116975583.836134,0,0,0
93,1790116975623.848034,0,0,0
94,1790116975663.841934,0,0,0
95,1790116975703.841934,0,0,0
96,1790116975743.874234,0,0,0
97,1790116975783.810034,0,0,0
98,1790116975823.831034,0,0,0
99,1790116975863.816934,0,0,0
100,1790116975903.810834,0,0,0
101,1790116975943.824334,0,0,0
102,1790116975987.701334,0,0,0
103,1790116976023.812634,0,0,0
104,1790116976063.827634,0,0,0
105,1790116976103.794834,0,0,0
106,1790116976143.802534,0,0,0
107,1790116976183.818534,0,0,0
108,1790116976223.820634,0,0,0
109,1790116976263.812934,0,0,0
110,1790116976303.795734,0,0,0
111,1790116976343.778334,0,0,0
112,1790116976383.789934,0,0,0
113,1790116976423.788634,0,0,0
114,1790116976463.798834,0,0,0
115,1790116976503.785834,0,0,0
116,1790116976543.763334,0,0,0
117,1790116976583.783534,0,0,0
118,1790116976623.781934,0,0,0
119,1790116976663.778434,0,0,0
120,1790116976703.768034,0,0,0
121,1790116976743.766034,0,0,0
122,1790116976783.761934,0,0,0
123,1790116976823.753934,0,0,0
124,1790116976863.773134,0,0,0
125,1790116976903.753234,0,0,0
126,1790116976943.751934,0,0,0
127,1790116976983.739134,0,0,0
128,1790116977023.752034,0,0,0
129,1790116977063.767734,0,0,0
130,1790116977103.751034,0,0,0
131,1790116977143.742434,0,0,0
132,1790116977183.759834,0,0,0
133,1790116977223.760534,0,0,0
134,1790116977263.730334,0,0,0
135,1790116977303.724434,0,0,0
136,1790116977343.743734,0,0,0
137,1790116977383.725834,0,0,0
138,1790116977423.721134,0,0,0
139,1790116977463.727234,0,0,0
140,1790116977503.748834,0,0,0
141,1790116977543.719034,0,0,0
142,1790116977583.737634,0,0,0
143,1790116977623.727534,0,0,0
144,1790116977663.737634,0,0,0
145,1790116977703.733034,0,0,0
146,1790116977743.715834,0,0,0
147,1790116977783.699734,0,0,0
148,1790116977823.700734,0,0,0
149,1790116977863.703434,0,0,0
150,1790116977903.715234,0,0,0
151,1790116977943.695134,0,0,0
152,1790116977983.687334,0,0,0
153,1790116978023.709734,0,0,0
154,1790116978063.709134,0,0,0
155,1790116978103.694034,0,0,0
156,1790116978143.698934,0,0,0
157,1790116978183.683734,0,0,0
158,1790116978223.706134,0,0,0
159,1790116978263.679534,0,0,0
160,1790116978303.698734,0,0,0
161,1790116978343.672334,0,0,0
162,1790116978383.672034,0,0,0
163,1790116978423.659734,0,0,0
164,1790116978463.658234,0,0,0
165,1790116978503.664234,0,0,0
166,1790116978543.667834,0,0,0
167,1790116978583.661934,0,0,0
168,1790116978623.680934,0,0,0
169,1790116978663.651434,0,0,0
170,1790116978703.668234,0,0,0
171,1790116978743.650934,0,0,0
172,1790116978783.638434,0,0,0
173,1790116978823.671034,0,0,0
174,1790116978863.645034,0,0,0
175,1790116978903.633734,0,0,0
176,1790116978943.655934,0,0,0
177,1790116978983.655234,0,0,0
178,1790116979023.660634,0,0,0
179,1790116979063.634734,0,0,0
180,1790116979103.646134,0,0,0
181,1790116979143.635634,0,0,0
182,1790116979183.638434,0,0,0
183,1790116979223.632234,0,0,0
184,1790116979263.628634,0,0,0
185,1790116979303.647134,0,0,0
186,1790116979343.632834,0,0,0
187,1790116979383.627234,0,0,0
188,1790116979423.617534,0,0,0
189,1790116979463.623234,0,0,0
190,1790116979503.615234,0,0,0
191,1790116979543.604234,0,0,0
192,1790116979583.605934,0,0,0
193,1790116979623.622634,0,0,0
194,1790116979663.625234,0,0,0
195,1790116979703.605334,0,0,0
196,1790116979743.622434,0,0,0
197,1790116979783.603334,0,0,0
198,1790116979823.617934,0,0,0
199,1790116979863.583634,0,0,0
200,1790116979903.603934,0,0,0
201,1790116979943.589634,0,0,0
202,1790116979983.594834,0,0,0
203,1790116980023.576834,0,0,0
204,1790116980063.597534,0,0,0
205,1790116980103.594734,0,0,0
206,1790116980143.608234,0,0,0
207,1790116980183.568834,0,0,0
208,1790116980223.565834,0,0,0
209,1790116980263.563534,0,0,0
210,1790116980303.573334,0,0,0
211,1790116980343.574534,0,0,0
212,1790116980383.555134,0,0,0
213,1790116980423.552434,0,0,0
214,1790116980463.547634,0,0,0
215,1790116980503.571734,0,0,0
216,1790116980543.541834,0,0,0
217,1790116980583.575034,0,0,0
218,1790116980623.548634,0,0,0
219,1790116980663.562134,0,0,0
220,1790116980703.556734,0,0,0
221,1790116980743.548534,0,0,0
222,1790116980783.566134,0,0,0
223,1790116980823.554734,0,0,0
224,1790116980863.528734,0,0,0
225,1790116980903.540434,0,0,0
226,1790116980943.537934,0,0,0
227,1790116980983.554834,0,0,0
228,1790116981023.533134,0,0,0
229,1790116981063.533134,0,0,0
230,1790116981103.546134,0,0,0
231,1790116981143.531734,0,0,0
232,1790116981183.537434,0,0,0
233,1790116981223.531634,0,0,0
234,1790116981263.529434,0,0,0
235,1790116981303.506634,0,0,0
236,1790116981343.498934,0,0,0
237,1790116981383.515634,0,0,0
238,1790116981423.507634,0,0,0
239,1790116981463.527734,0,0,0
240,1790116981503.506634,0,0,0
241,1790116981543.509734,0,0,0
242,1790116981583.527334,0,0,0
243,1790116981623.522034,0,0,0
244,1790116981663.497434,0,0,0
245,1790116981703.510034,0,0,0
246,1790116981743.509534,0,0,0
247,1790116981783.477734,0,0,0
248,1790116981823.508434,0,0,0
249,1790116981863.499534,0,0,0
250,1790116981903.490134,0,0,0
251,1790116981943.497234,0,0,0
252,1790116981983.470134,0,0,0
253,1790116982023.498334,0,0,0
254,1790116982063.474234,0,0,0
255,1790116982103.467534,0,0,0
256,1790116982143.486634,0,0,0
257,1790116982183.497734,0,0,0
258,1790116982223.473934,0,0,0
259,1790116982263.485134,0,0,0
260,1790116982303.469734,0,0,0
261,1790116982343.467434,0,0,0
262,1790116982383.468734,0,0,0
263,1790116982423.478734,0,0,0
264,1790116982463.446734,0,0,0
265,1790116982503.470734,0,0,0
266,1790116982543.441534,0,0,0
267,1790116982583.479434,0,0,0
268,1790116982623.444134,0,0,0
269,1790116982663.458534,0,0,0
270,1790116982703.440434,0,0,0
271,1790116982743.434234,0,0,0
272,1790116982783.450434,0,0,0
273,1790116982823.429934,0,0,0
274,1790116982863.459934,0,0,0
275,1790116982903.429434,0,0,0
276,1790116982943.443634,0,0,0
277,1790116982983.437834,0,0,0
278,1790116983023.415934,0,0,0
279,1790116983063.424734,0,0,0
280,1790116983103.453134,0,0,0
281,1790116983143.425434,0,0,0
282,1790116983183.409434,0,0,0
283,1790116983223.420634,0,0,0
284,1790116983263.457434,0,0,0
285,1790116983303.436634,0,0,0
286,1790116983343.441934,0,0,0
287,1790116983383.400034,0,0,0
288,1790116983423.401934,0,0,0
289,1790116983463.392934,0,0,0
290,1790116983503.429534,0,0,0
291,1790116983543.471834,0,0,0
292,1790116983583.403134,0,0,0
293,1790116983623.401334,0,0,0
294,1790116983663.392834,0,0,0
295,1790116983703.392234,0,0,0
296,1790116983743.377534,0,0,0
297,1790116983783.378734,0,0,0
298,1790116983823.452134,0,0,0
299,1790116983863.407334,0,0,0
300,1790116983903.367734,0,0,0
301,1790116983943.372334,0,0,0
302,1790116983983.363034,0,0,0
303,1790116984023.398434,0,0,0
304,1790116984063.409934,0,0,0
305,1790116984103.395734,0,0,0
306,1790116984143.355934,0,0,0
307,1790116984183.366334,0,0,0
308,1790116984223.413934,0,0,0
309,1790116984263.394934,0,0,0
310,1790116984303.367134,0,0,0
311,1790116984343.356834,0,0,0
312,1790116984383.371034,0,0,0
313,1790116984423.370634,0,0,0
314,1790116984463.365334,0,0,0
315,1790116984503.354534,0,0,0
316,1790116984543.326534,0,0,0
317,1790116984583.350234,0,0,0
318,1790116984623.354234,0,0,0
319,1790116984663.330634,0,0,0
320,1790116984703.344334,0,0,0
321,1790116984743.332034,0,0,0
322,1790116984783.324134,0,0,0
323,1790116984823.337034,0,0,0
324,1790116984863.349234,0,0,0
325,1790116984903.336834,0,0,0
326,1790116984943.306334,0,0,0
327,1790116984983.338334,0,0,0
328,1790116985023.332634,0,0,0
329,1790116985063.315134,0,0,0
330,1790116985103.334134,0,0,0
331,1790116985143.333734,0,0,0
332,1790116985183.328134,0,0,0
333,1790116985223.296134,0,0,0
334,1790116985263.328834,0,0,0
335,1790116985303.323934,0,0,0
336,1790116985343.312434,0,0,0
337,1790116985383.312934,0,0,0
338,1790116985423.379134,0,0,0
339,1790116985463.296634,0,0,0
340,1790116985503.298534,0,0,0
341,1790116985543.302634,0,0,0
342,1790116985583.303134,0,0,0
343,1790116985623.298134,0,0,0
344,1790116985663.282134,0,0,0
345,1790116985703.286834,0,0,0
346,1790116985743.291734,0,0,0
347,1790116985783.279834,0,0,0
348,1790116985823.284334,0,0,0
349,1790116985863.258134,0,0,0
350,1790116985903.267334,0,0,0
351,1790116985943.245034,0,0,0
352,1790116985983.264434,0,0,0
353,1790116986023.261134,0,0,0
354,1790116986063.245834,0,0,0
355,1790116986103.253234,0,0,0
356,1790116986143.248434,0,0,0
357,1790116986183.240334,0,0,0
358,1790116986223.237334,0,0,0
359,1790116986263.242734,0,0,0
360,1790116986303.220434,0,0,0
361,1790116986343.219834,0,0,0
362,1790116986383.234534,0,0,0
363,1790116986423.228734,0,0,0
364,1790116986463.266234,0,0,0
365,1790116986503.208734,0,0,0
366,1790116986543.232134,0,0,0
367,1790116986583.203734,0,0,0
368,1790116986623.222934,0,0,0
369,1790116986663.196234,0,0,0
370,1790116986703.225934,0,0,0
371,1790116986743.179734,0,0,0
372,1790116986783.209334,0,0,0
373,1790116986823.207734,0,0,0
374,1790116986863.185934,0,0,0
375,1790116986903.173834,0,0,0
376,1790116986943.179334,0,0,0
377,1790116986983.209134,0,0,0
378,1790116987023.209134,0,0,0
379,1790116987063.193434,0,0,0
380,1790116987103.185034,0,0,0
381,1790116987143.166434,0,0,0
382,1790116987183.160234,0,0,0
383,1790116987223.184234,0,0,0
384,1790116987263.151634,0,0,0
385,1790116987303.166534,0,0,0
386,1790116987343.162034,0,0,0
387,1790116987383.180634,0,0,0
388,1790116987423.178534,0,0,0
389,1790116987463.177234,0,0,0
390,1790116987503.139834,0,0,0
391,1790116987543.132134,0,0,0
392,1790116987583.130534,0,0,0
393,1790116987623.129134,0,0,0
394,1790116987663.143034,0,0,0
395,1790116987703.100334,0,0,0
396,1790116987743.141634,0,0,0
397,1790116987783.141034,0,0,0
398,1790116987823.124234,0,0,0
399,1790116987863.150834,0,0,0
400,1790116987903.091034,0,0,0
401,1790116987943.116634,0,0,0
402,1790116987983.106434,0,0,0
403,1790116988023.118434,0,0,0
404,1790116988063.072734,0,0,0
405,1790116988103.144434,0,0,0
406,1790116988143.087534,0,0,0
407,1790116988183.097734,0,0,0
408,1790116988223.053334,0,0,0
409,1790116988263.094834,0,0,0
410,1790116988303.108934,0,0,0
411,1790116988343.073234,0,0,0
412,1790116988383.056334,0,0,0
413,1790116988423.057834,0,0,0
414,1790116988463.057834,0,0,0
415,1790116988503.056234,0,0,0
416,1790116988543.042734,0,0,0
417,1790116988583.055634,0,0,0
418,1790116988623.041434,0,0,0
419,1790116988663.016634,0,0,0
420,1790116988703.023634,0,0,0
421,1790116988743.028834,0,0,0
422,1790116988783.028434,0,0,0
423,1790116988823.005334,0,0,0
424,1790116988863.017634,0,0,0
425,1790116988903.015534,0,0,0
426,1790116988943.010534,0,0,0
427,1790116988983.005534,0,0,0
428,1790116989023.008234,0,0,0
429,1790116989062.987334,0,0,0
430,1790116989103.018534,0,0,0
431,1790116989142.997334,0,0,0
432,1790116989182.994834,0,0,0
433,1790116989222.994434,0,0,0
434,1790116989262.973134,0,0,0
435,1790116989302.971034,0,0,0
436,1790116989342.976434,0,0,0
437,1790116989382.975634,0,0,0
438,1790116989422.951534,100,0,100
439,1790116989462.960834,100,9.98600006103516,100
440,1790116989502.974934,100,18.7254486083984,100
441,1790116989542.961434,100,26.373950958252,100
442,1790116989582.982234,100,33.0676879882813,100
443,1790116989622.974134,100,38.9258499145508,100
444,1790116989662.940234,100,44.052734375,100
445,1790116989702.943734,100,48.5396308898926,100
446,1790116989742.960934,100,52.4664268493652,100
447,1790116989782.943734,100,55.9030418395996,100
448,1790116989822.944034,100,58.9106636047363,100
449,1790116989862.931234,100,61.5428466796875,100
450,1790116989902.952634,100,63.8464546203613,100
451,1790116989942.924034,100,65.8625030517578,100
452,1790116989982.934434,100,67.6268844604492,100
453,1790116990022.907634,100,69.1710205078125,100
454,1790116990062.904334,100,70.5223999023438,100
455,1790116990102.902434,100,71.7050933837891,100
456,1790116990142.912634,100,72.7401428222656,100
457,1790116990182.916534,100,73.6459884643555,100
458,1790116990222.909434,100,74.4387588500977,100
459,1790116990262.902634,100,75.132568359375,100
460,1790116990302.894834,100,75.7397689819336,100
461,1790116990342.905034,100,76.2711715698242,100
462,1790116990382.883834,100,76.7362442016602,100
463,1790116990422.880634,100,77.1432571411133,100
464,1790116990462.879034,100,77.4994659423828,100
465,1790116990502.879234,100,77.8112106323242,100
466,1790116990542.872734,100,78.0840377807617,100
467,1790116990582.874634,100,78.3228073120117,100
468,1790116990622.860034,100,78.5317687988281,100
469,1790116990662.851834,100,78.7146453857422,100
470,1790116990702.869134,100,78.8746948242188,100
471,1790116990742.863034,100,79.014762878418,100
472,1790116990782.854034,100,79.1373519897461,100
473,1790116990822.857334,100,79.2446365356445,100
474,1790116990862.856034,100,79.3385314941406,100
475,1790116990902.839834,100,79.4207000732422,100
476,1790116990942.839634,100,79.4926147460938,100
477,1790116990982.841734,100,79.555549621582,100
478,1790116991022.839934,100,79.6106262207031,100
479,1790116991062.812034,100,79.6588287353516,100
480,1790116991102.823434,100,79.7010192871094,100
481,1790116991142.822034,100,79.7379379272461,100
482,1790116991182.828934,100,79.7702484130859,100
483,1790116991222.814834,100,79.7985305786133,100
484,1790116991262.813534,100,79.8232803344727,100
485,1790116991302.854934,100,79.8449401855469,100
486,1790116991342.814834,100,79.863899230957,100
487,1790116991382.802034,100,79.880485534668,100
488,1790116991422.825434,100,79.8950042724609,100
489,1790116991462.803434,100,79.9077072143555,100
490,1790116991502.812034,100,79.918830871582,100
491,1790116991542.811234,100,79.9285659790039,100
492,1790116991582.869234,100,79.9370803833008,100
493,1790116991622.813134,100,79.9445343017578,100
494,1790116991662.822234,100,79.951057434082,100
495,1790116991702.834234,100,79.9567642211914,100
496,1790116991742.867834,100,79.9617614746094,100
497,1790116991782.829934,100,79.9661331176758,100
498,1790116991822.838434,100,79.9699630737305,100
499,1790116991862.823034,100,79.9733123779297,100
500,1790116991902.829234,100,79.9762420654297,100
501,1790116991942.890734,100,79.9788055419922,100
502,1790116991982.829934,100,79.9810485839844,100
503,1790116992022.836134,100,79.9830169677734,100
504,1790116992062.835334,100,79.984733581543,100
505,1790116992102.829534,100,79.9862365722656,100
506,1790116992142.839034,100,79.9875564575195,100
507,1790116992182.837834,100,79.9887084960938,100
508,1790116992222.892634,100,79.9897155761719,100
509,1790116992262.850134,100,79.9906005859375,100
510,1790116992302.850434,100,79.9913711547852,100
511,1790116992342.944934,100,79.9920501708984,100
512,1790116992382.946734,100,79.9926452636719,100
513,1790116992422.854434,100,79.9931640625,100
514,1790116992462.856434,100,79.9936141967773,100
515,1790116992502.849334,100,79.994010925293,100
516,1790116992542.910134,100,79.9943542480469,100
517,1790116992582.862434,100,79.9946594238281,100
518,1790116992622.857934,100,79.9949264526367,100
519,1790116992662.851834,100,79.9951629638672,100
520,1790116992702.874434,100,79.9953689575195,100
521,1790116992742.866034,100,79.9955444335938,100
522,1790116992782.873634,100,79.9956970214844,100
523,1790116992822.860434,100,79.9958343505859,100
524,1790116992862.920534,100,79.9959564208984,100
525,1790116992902.860334,100,79.9960632324219,100
526,1790116992942.876834,100,79.9961547851563,100
527,1790116992982.916334,100,79.9962310791016,100
528,1790116993022.885434,100,79.9962997436523,100
529,1790116993062.874034,100,79.9963607788086,100
530,1790116993102.879634,100,79.9964141845703,100
531,1790116993142.935634,100,79.9964599609375,100
532,1790116993182.935534,100,79.9964981079102,100
533,1790116993222.882734,100,79.9965362548828,100
534,1790116993262.891734,100,79.9965667724609,100
535,1790116993302.881834,100,79.9965972900391,100
536,1790116993342.890334,100,79.9966201782227,100
537,1790116993382.890434,100,79.9966430664063,100
538,1790116993422.894834,100,79.9966583251953,100
539,1790116993462.944834,100,79.9966735839844,100
540,1790116993502.927634,100,79.9966888427734,100
541,1790116993542.902434,100,79.9967041015625,100
542,1790116993582.896134,100,79.996711730957,100
543,1790116993622.896434,100,79.9967193603516,100
544,1790116993662.910334,100,79.9967269897461,100
545,1790116993702.938334,100,79.9967346191406,100
546,1790116993742.956834,100,79.9967422485352,100
547,1790116993782.905734,100,79.9967498779297,100
548,1790116993822.590434,100,79.9967575073242,100
549,1790116993862.885834,100,79.9967651367188,100
550,1790116993902.886534,100,79.9967651367188,100
551,1790116993942.912434,100,79.9967651367188,100
552,1790116993982.898234,100,79.9967651367188,100
553,1790116994022.583634,100,79.9967651367188,100
554,1790116994062.581234,100,79.9967651367188,100
555,1790116994102.568034,100,79.9967651367188,100
556,1790116994142.572234,100,79.9967651367188,100
557,1790116994182.569234,100,79.9967651367188,100
558,1790116994222.546234,100,79.9967651367188,100
559,1790116994262.546734,100,79.9967651367188,100
560,1790116994302.542934,100,79.9967651367188,100
561,1790116994342.563334,100,79.9967651367188,100
562,1790116994382.548734,100,79.9967651367188,100
563,1790116994422.553534,100,79.9967651367188,100
564,1790116994462.530534,100,79.9967651367188,100
565,1790116994502.533234,100,79.9967651367188,100
566,1790116994542.548434,100,79.9967651367188,100
567,1790116994582.531634,100,79.9967651367188,100
568,1790116994622.536634,100,79.9967651367188,100
569,1790116994662.534934,100,79.9967651367188,100
570,1790116994702.519034,100,79.9967651367188,100
571,1790116994742.531334,100,79.9967651367188,100
572,1790116994782.530534,100,79.9967651367188,100
573,1790116994822.523034,100,79.9967651367188,100
574,1790116994862.517034,100,79.9967651367188,100
575,1790116994902.501134,100,79.9967651367188,100
576,1790116994942.498334,100,79.9967651367188,100
577,1790116994982.506234,100,79.9967651367188,100
578,1790116995022.477234,100,79.9967651367188,100
579,1790116995062.484634,100,79.9967651367188,100
580,1790116995102.475634,100,79.9967651367188,100
581,1790116995142.483434,100,79.9967651367188,100
582,1790116995182.485834,100,79.9967651367188,100
583,1790116995222.485534,100,79.9967651367188,100
584,1790116995262.482534,100,79.9967651367188,100
585,1790116995302.465134,100,79.9967651367188,100
586,1790116995342.468234,100,79.9967651367188,100
587,1790116995382.476734,100,79.9967651367188,100
588,1790116995422.460334,100,79.9967651367188,100
589,1790116995462.447534,100,79.9967651367188,100
590,1790116995502.452334,100,79.9967651367188,100
591,1790116995542.459134,100,79.9967651367188,100
592,1790116995582.443434,100,79.9967651367188,100
593,1790116995622.448534,100,79.9967651367188,100
594,1790116995662.428434,100,79.9967651367188,100
595,1790116995702.433134,100,79.9967651367188,100
596,1790116995742.427834,100,79.9967651367188,100
597,1790116995782.435634,100,79.9967651367188,100
598,1790116995822.438034,100,79.9967651367188,100
599,1790116995862.416834,100,79.9967651367188,100
600,1790116995902.416234,100,79.9967651367188,100
601,1790116995942.412934,100,79.9967651367188,100
602,1790116995982.423834,100,79.9967651367188,100
603,1790116996022.399934,100,79.9967651367188,100
604,1790116996062.399934,100,79.9967651367188,100
605,1790116996102.416934,100,79.9967651367188,100
606,1790116996142.404334,100,79.9967651367188,100
607,1790116996182.405534,100,79.9967651367188,100
608,1790116996222.406334,100,79.9967651367188,100
609,1790116996262.399034,100,79.9967651367188,100
610,1790116996302.381834,100,79.9967651367188,100
611,1790116996342.385934,100,79.9967651367188,100
612,1790116996382.386934,100,79.9967651367188,100
613,1790116996422.386234,100,79.9967651367188,100
614,1790116996462.378434,100,79.9967651367188,100
615,1790116996502.374034,100,79.9967651367188,100
616,1790116996542.368134,100,79.9967651367188,100
617,1790116996582.349234,100,79.9967651367188,100
618,1790116996622.368034,100,79.9967651367188,100
619,1790116996662.349834,100,79.9967651367188,100
620,1790116996702.345534,100,79.9967651367188,100
621,1790116996742.340934,100,79.9967651367188,100
622,1790116996782.354134,100,79.9967651367188,100
623,1790116996822.336334,100,79.9967651367188,100
624,1790116996862.329834,100,79.9967651367188,100
625,1790116996902.337034,100,79.9967651367188,100
626,1790116996942.343634,100,79.9967651367188,100
627,1790116996982.337134,100,79.9967651367188,100
628,1790116997022.333034,100,79.9967651367188,100
629,1790116997062.319334,100,79.9967651367188,100
630,1790116997102.309534,100,79.9967651367188,100
631,1790116997142.315034,100,79.9967651367188,100
632,1790116997182.321634,100,79.9967651367188,100
633,1790116997222.312534,100,79.9967651367188,100
634,1790116997262.295934,100,79.9967651367188,100
635,1790116997302.300234,100,79.9967651367188,100
636,1790116997342.299334,100,79.9967651367188,100
637,1790116997382.298134,100,79.9967651367188,100
638,1790116997422.295834,100,79.9967651367188,100
639,1790116997462.296834,100,79.9967651367188,100
640,1790116997502.281234,100,79.9967651367188,100
641,1790116997542.289734,100,79.9967651367188,100
642,1790116997582.273434,100,79.9967651367188,100
643,1790116997622.265734,100,79.9967651367188,100
644,1790116997662.284934,100,79.9967651367188,100
645,1790116997702.274934,100,79.9967651367188,100
646,1790116997742.282234,100,79.9967651367188,100
647,1790116997782.247634,100,79.9967651367188,100
648,1790116997822.247334,100,79.9967651367188,100
649,1790116997862.250034,100,79.9967651367188,100
650,1790116997902.246234,100,79.9967651367188,100
651,1790116997942.245334,100,79.9967651367188,100
652,1790116997982.234234,100,79.9967651367188,100
653,1790116998022.234434,100,79.9967651367188,100
654,1790116998062.240834,100,79.9967651367188,100
655,1790116998102.240934,100,79.9967651367188,100
656,1790116998142.232234,100,79.9967651367188,100
657,1790116998182.212534,100,79.9967651367188,100
658,1790116998222.230234,100,79.9967651367188,100
659,1790116998262.222934,100,79.9967651367188,100
660,1790116998302.226534,100,79.9967651367188,100
661,1790116998342.217234,100,79.9967651367188,100
662,1790116998382.196834,100,79.9967651367188,100
663,1790116998422.202534,100,79.9967651367188,100
664,1790116998462.200734,100,79.9967651367188,100
665,1790116998502.195734,100,79.9967651367188,100
666,1790116998542.185634,100,79.9967651367188,100
667,1790116998582.196234,100,79.9967651367188,100
668,1790116998622.186434,100,79.9967651367188,100
669,1790116998662.198534,100,79.9967651367188,100
670,1790116998702.196634,100,79.9967651367188,100
671,1790116998742.173434,100,79.9967651367188,100
672,1790116998782.171434,100,79.9967651367188,100
673,1790116998822.174834,100,79.9967651367188,100
674,1790116998862.167934,100,79.9967651367188,100
675,1790116998902.154234,100,79.9967651367188,100
676,1790116998942.164834,100,79.9967651367188,100
677,1790116998982.156434,100,79.9967651367188,100
678,1790116999022.165034,100,79.9967651367188,100
679,1790116999062.166034,100,79.9967651367188,100
680,1790116999102.154334,100,79.9967651367188,100
681,1790116999142.136834,100,79.9967651367188,100
682,1790116999182.157434,100,79.9967651367188,100
683,1790116999222.132934,100,79.9967651367188,100
684,1790116999262.140134,100,79.9967651367188,100
685,1790116999302.138734,100,79.9967651367188,100
686,1790116999342.134134,100,79.9967651367188,100
687,1790116999382.121534,100,79.9967651367188,100
688,1790116999422.114334,100,79.9967651367188,100
689,1790116999462.122034,100,79.9967651367188,100
690,1790116999502.117434,100,79.9967651367188,100
691,1790116999542.121634,100,79.9967651367188,100
692,1790116999582.122134,100,79.9967651367188,100
693,1790116999622.111134,100,79.9967651367188,100
694,1790116999662.112434,100,79.9967651367188,100
695,1790116999702.089934,100,79.9967651367188,100
696,1790116999742.101934,100,79.9967651367188,100
697,1790116999782.088934,100,79.9967651367188,100
698,1790116999822.102134,100,79.9967651367188,100
699,1790116999862.091734,100,79.9967651367188,100
700,1790116999902.083534,100,79.9967651367188,100
701,1790116999942.087034,100,79.9967651367188,100
702,1790116999982.083034,100,79.9967651367188,100
703,1790117000022.066434,100,79.9967651367188,100
704,1790117000062.075034,100,79.9967651367188,100
705,1790117000102.055334,100,79.9967651367188,100
706,1790117000142.068334,100,79.9967651367188,100
707,1790117000182.055634,100,79.9967651367188,100
708,1790117000222.048234,100,79.9967651367188,100
709,1790117000262.061634,100,79.9967651367188,100
710,1790117000302.059134,100,79.9967651367188,100
711,1790117000342.052834,100,79.9967651367188,100
712,1790117000382.028834,100,79.9967651367188,100
713,1790117000422.026634,100,79.9967651367188,100
714,1790117000462.040534,100,79.9967651367188,100
715,1790117000502.034934,100,79.9967651367188,100
716,1790117000542.012934,100,79.9967651367188,100
717,1790117000582.025734,100,79.9967651367188,100
718,1790117000622.031134,100,79.9967651367188,100
719,1790117000662.024234,100,79.9967651367188,100
720,1790117000702.023134,100,79.9967651367188,100
721,1790117000742.007434,100,79.9967651367188,100
722,1790117000782.018334,100,79.9967651367188,100
723,1790117000821.996434,100,79.9967651367188,100
724,1790117000861.982334,100,79.9967651367188,100
725,1790117000902.006634,100,79.9967651367188,100
726,1790117000941.978334,100,79.9967651367188,100
727,1790117000981.990134,100,79.9967651367188,100
728,1790117001021.996634,100,79.9967651367188,100
729,1790117001061.968134,100,79.9967651367188,100
730,1790117001101.986934,100,79.9967651367188,100
731,1790117001141.988534,100,79.9967651367188,100
732,1790117001181.972434,100,79.9967651367188,100
733,1790117001221.978334,100,79.9967651367188,100
734,1790117001261.977834,100,79.9967651367188,100
735,1790117001301.969134,100,79.9967651367188,100
736,1790117001341.949634,100,79.9967651367188,100
737,1790117001381.941134,100,79.9967651367188,100
738,1790117001421.963634,100,79.9967651367188,100
739,1790117001461.951634,100,79.9967651367188,100
740,1790117001501.960434,100,79.9967651367188,100
741,1790117001541.945534,100,79.9967651367188,100
742,1790117001581.945534,100,79.9967651367188,100
743,1790117001621.931934,100,79.9967651367188,100
744,1790117001661.943234,100,79.9967651367188,100
745,1790117001701.930134,100,79.9967651367188,100
746,1790117001741.913034,100,79.9967651367188,100
747,1790117001781.939534,100,79.9967651367188,100
748,1790117001821.924934,100,79.9967651367188,100
749,1790117001861.919934,100,79.9967651367188,100
750,1790117001901.921434,100,79.9967651367188,100
751,1790117001941.909434,100,79.9967651367188,100
752,1790117001981.907034,100,79.9967651367188,100
753,1790117002021.898834,100,79.9967651367188,100
754,1790117002061.888034,100,79.9967651367188,100
755,1790117002101.900034,100,79.9967651367188,100
756,1790117002141.882734,100,79.9967651367188,100
757,1790117002181.874634,100,79.9967651367188,100
758,1790117002221.886034,100,79.9967651367188,100
759,1790117002261.868234,100,79.9967651367188,100
760,1790117002301.881634,100,79.9967651367188,100
761,1790117002341.877834,100,79.9967651367188,100
762,1790117002381.860834,100,79.9967651367188,100
763,1790117002421.866734,100,79.9967651367188,100
764,1790117002461.877234,100,79.9967651367188,100
765,1790117002501.846134,100,79.9967651367188,100
766,1790117002541.861534,100,79.9967651367188,100
767,1790117002581.873434,100,79.9967651367188,100
768,1790117002621.842434,100,79.9967651367188,100
769,1790117002661.854734,100,79.9967651367188,100
770,1790117002701.831934,100,79.9967651367188,100
771,1790117002741.829634,100,79.9967651367188,100
772,1790117002781.837834,100,79.9967651367188,100
773,1790117002821.852234,100,79.9967651367188,100
774,1790117002861.838634,100,79.9967651367188,100
775,1790117002901.824634,100,79.9967651367188,100
776,1790117002941.821134,100,79.9967651367188,100
777,1790117002981.814134,100,79.9967651367188,100
778,1790117003021.804834,100,79.9967651367188,100
779,1790117003061.814634,100,79.9967651367188,100
780,1790117003101.815034,100,79.9967651367188,100
781,1790117003141.798134,100,79.9967651367188,100
782,1790117003181.807734,100,79.9967651367188,100
783,1790117003221.795634,100,79.9967651367188,100
784,1790117003261.813234,100,79.9967651367188,100
785,1790117003301.799134,100,79.9967651367188,100
786,1790117003341.791834,100,79.9967651367188,100
787,1790117003381.775734,100,79.9967651367188,100
788,1790117003421.780834,100,79.9967651367188,100
789,1790117003461.769334,100,79.9967651367188,100
790,1790117003501.769934,100,79.9967651367188,100
791,1790117003541.772834,100,79.9967651367188,100
792,1790117003581.773534,100,79.9967651367188,100
793,1790117003621.775334,100,79.9967651367188,100
794,1790117003661.764734,100,79.9967651367188,100
795,1790117003701.765634,100,79.9967651367188,100
796,1790117003741.757034,100,79.9967651367188,100
797,1790117003781.746934,100,79.9967651367188,100
798,1790117003821.763434,100,79.9967651367188,100
799,1790117003861.748134,100,79.9967651367188,100
800,1790117003901.752434,100,79.9967651367188,100
801,1790117003941.728434,100,79.9967651367188,100
802,1790117003981.739734,100,79.9967651367188,100
803,1790117004021.720534,100,79.9967651367188,100
804,1790117004061.725834,100,79.9967651367188,100
805,1790117004101.722134,100,79.9967651367188,100
806,1790117004141.721934,100,79.9967651367188,100
807,1790117004181.711834,100,79.9967651367188,100
808,1790117004221.715934,100,79.9967651367188,100
809,1790117004261.704634,100,79.9967651367188,100
