Sample,X(ms) [22.09.2026 22:05:40 989 UTC],"matematicko_upravljanje[%MD18]","izlazna_vrednost_objekta[%MD14]"
1,1790114732990.022643,0,0
2,1790114733030.035343,0,0
3,1790114733070.039643,0,0
4,1790114733110.046843,0,0
5,1790114733150.031743,0,0
6,1790114733190.050043,0,0
7,1790114733230.014443,0,0
8,1790114733270.034743,0,0
9,1790114733310.007143,0,0
10,1790114733350.003843,0,0
11,1790114733390.025543,0,0
12,1790114733430.008543,0,0
13,1790114733470.018143,0,0
14,1790114733510.025643,0,0
15,1790114733550.014443,0,0
16,1790114733590.010143,0,0
17,1790114733630.032443,0,0
18,1790114733670.010143,0,0
19,1790114733710.014143,0,0
20,1790114733749.995243,0,0
21,1790114733789.976843,0,0
22,1790114733830.009643,0,0
23,1790114733870.015443,0,0
24,1790114733909.964143,0,0
25,1790114733949.975243,0,0
26,1790114733989.961543,0,0
27,1790114734029.971043,0,0
28,1790114734069.996743,0,0
29,1790114734109.976143,0,0
30,1790114734149.961943,0,0
31,1790114734189.966943,0,0
32,1790114734229.951843,0,0
33,1790114734269.985243,0,0
34,1790114734309.957243,0,0
35,1790114734349.990943,0,0
36,1790114734389.948543,0,0
37,1790114734429.940943,0,0
38,1790114734469.955643,0,0
39,1790114734509.955343,0,0
40,1790114734549.932543,0,0
41,1790114734589.959343,0,0
42,1790114734629.961243,0,0
43,1790114734669.931143,0,0
44,1790114734709.922943,0,0
45,1790114734749.957743,0,0
46,1790114734789.932043,0,0
47,1790114734829.948343,0,0
48,1790114734869.944943,0,0
49,1790114734909.945843,0,0
50,1790114734949.943143,0,0
51,1790114734989.951443,0,0
52,1790114735029.910543,0,0
53,1790114735069.912643,0,0
54,1790114735109.929943,0,0
55,1790114735149.919943,0,0
56,1790114735189.906743,0,0
57,1790114735229.925543,0,0
58,1790114735269.913043,0,0
59,1790114735309.922043,0,0
60,1790114735349.912243,0,0
61,1790114735389.915143,0,0
62,1790114735429.889343,0,0
63,1790114735469.888943,0,0
64,1790114735509.892843,0,0
65,1790114735549.910543,0,0
66,1790114735589.911143,0,0
67,1790114735629.882043,0,0
68,1790114735669.875443,0,0
69,1790114735709.894943,0,0
70,1790114735749.882343,0,0
71,1790114735789.897843,0,0
72,1790114735829.877943,0,0
73,1790114735869.885143,0,0
74,1790114735909.869243,0,0
75,1790114735949.866643,0,0
76,1790114735989.855143,0,0
77,1790114736029.853743,0,0
78,1790114736069.857243,0,0
79,1790114736109.846043,0,0
80,1790114736149.872343,0,0
81,1790114736189.845743,0,0
82,1790114736229.853543,0,0
83,1790114736269.842143,0,0
84,1790114736309.863843,0,0
85,1790114736349.852943,0,0
86,1790114736389.853643,0,0
87,1790114736429.831543,0,0
88,1790114736469.846743,0,0
89,1790114736509.850343,0,0
90,1790114736549.835543,0,0
91,1790114736589.841043,0,0
92,1790114736629.826743,0,0
93,1790114736669.819343,0,0
94,1790114736709.814243,0,0
95,1790114736749.816743,0,0
96,1790114736789.826043,0,0
97,1790114736829.839743,0,0
98,1790114736869.847143,0,0
99,1790114736909.839943,0,0
100,1790114736949.805543,0,0
101,1790114736989.806543,0,0
102,1790114737029.798743,0,0
103,1790114737069.810243,0,0
104,1790114737109.795443,0,0
105,1790114737149.823843,0,0
106,1790114737189.789743,0,0
107,1790114737229.791343,0,0
108,1790114737269.818743,0,0
109,1790114737309.815043,0,0
110,1790114737349.795043,0,0
111,1790114737389.812043,0,0
112,1790114737429.795843,0,0
113,1790114737469.794943,0,0
114,1790114737509.793243,0,0
115,1790114737549.766643,0,0
116,1790114737589.769243,0,0
117,1790114737629.765543,0,0
118,1790114737669.783843,0,0
119,1790114737709.771143,0,0
120,1790114737749.771843,0,0
121,1790114737789.803943,0,0
122,1790114737829.789343,0,0
123,1790114737869.747543,0,0
124,1790114737909.752643,0,0
125,1790114737949.757343,0,0
126,1790114737989.750643,0,0
127,1790114738029.762143,0,0
128,1790114738069.773943,0,0
129,1790114738109.762443,0,0
130,1790114738149.746343,0,0
131,1790114738189.732143,0,0
132,1790114738229.748643,0,0
133,1790114738269.744143,0,0
134,1790114738309.752543,0,0
135,1790114738349.754343,0,0
136,1790114738389.724143,0,0
137,1790114738429.741043,0,0
138,1790114738469.728143,0,0
139,1790114738509.718643,0,0
140,1790114738549.727943,0,0
141,1790114738589.739343,0,0
142,1790114738629.736843,0,0
143,1790114738669.720843,0,0
144,1790114738709.711443,0,0
145,1790114738749.735243,0,0
146,1790114738789.697943,0,0
147,1790114738829.703543,0,0
148,1790114738869.726843,0,0
149,1790114738909.692143,0,0
150,1790114738949.723743,0,0
151,1790114738989.683943,0,0
152,1790114739029.716343,0,0
153,1790114739069.716343,0,0
154,1790114739109.703443,0,0
155,1790114739149.677543,0,0
156,1790114739189.678643,0,0
157,1790114739229.706343,0,0
158,1790114739269.703843,0,0
159,1790114739309.693343,0,0
160,1790114739349.688743,0,0
161,1790114739389.666743,0,0
162,1790114739429.680343,0,0
163,1790114739469.673543,0,0
164,1790114739509.680343,0,0
165,1790114739549.678643,0,0
166,1790114739589.650543,0,0
167,1790114739629.665243,0,0
168,1790114739669.659943,0,0
169,1790114739709.682543,0,0
170,1790114739749.677843,0,0
171,1790114739789.684043,0,0
172,1790114739829.659343,0,0
173,1790114739869.665343,0,0
174,1790114739909.635843,0,0
175,1790114739949.655943,0,0
176,1790114739989.650643,0,0
177,1790114740029.664543,0,0
178,1790114740069.643443,0,0
179,1790114740109.635943,0,0
180,1790114740149.640043,0,0
181,1790114740189.617343,0,0
182,1790114740229.630043,0,0
183,1790114740269.630443,0,0
184,1790114740309.623743,0,0
185,1790114740349.631343,0,0
186,1790114740389.613143,0,0
187,1790114740429.627043,0,0
188,1790114740469.610743,0,0
189,1790114740509.616343,0,0
190,1790114740549.609743,0,0
191,1790114740589.620143,0,0
192,1790114740629.618643,0,0
193,1790114740669.611143,0,0
194,1790114740709.603243,0,0
195,1790114740749.610543,0,0
196,1790114740789.624143,0,0
197,1790114740829.594943,0,0
198,1790114740869.598743,0,0
199,1790114740909.615743,0,0
200,1790114740949.615443,0,0
201,1790114740989.631443,0,0
202,1790114741029.588143,0,0
203,1790114741069.585543,0,0
204,1790114741109.562843,0,0
205,1790114741149.564543,0,0
206,1790114741189.579343,0,0
207,1790114741229.553243,0,0
208,1790114741269.565643,0,0
209,1790114741309.565543,0,0
210,1790114741349.562443,0,0
211,1790114741389.549343,0,0
212,1790114741429.546643,0,0
213,1790114741469.536543,0,0
214,1790114741509.550843,0,0
215,1790114741549.530443,0,0
216,1790114741589.535143,0,0
217,1790114741629.545243,0,0
218,1790114741669.532343,0,0
219,1790114741709.533143,0,0
220,1790114741749.521543,0,0
221,1790114741789.533243,0,0
222,1790114741829.524143,0,0
223,1790114741869.514643,0,0
224,1790114741909.516743,0,0
225,1790114741949.505943,0,0
226,1790114741989.508143,0,0
227,1790114742029.499043,0,0
228,1790114742069.488343,0,0
229,1790114742109.495143,0,0
230,1790114742149.495243,0,0
231,1790114742189.507143,0,0
232,1790114742229.494843,0,0
233,1790114742269.473043,0,0
234,1790114742309.478343,0,0
235,1790114742349.468443,0,0
236,1790114742389.466743,0,0
237,1790114742429.470643,0,0
238,1790114742469.478643,0,0
239,1790114742509.451843,0,0
240,1790114742549.460243,0,0
241,1790114742589.462943,0,0
242,1790114742629.451943,0,0
243,1790114742669.453443,0,0
244,1790114742709.437643,0,0
245,1790114742749.454243,0,0
246,1790114742789.426643,0,0
247,1790114742829.438143,0,0
248,1790114742869.436543,0,0
249,1790114742909.434943,0,0
250,1790114742949.439043,0,0
251,1790114742989.410643,0,0
252,1790114743029.418443,0,0
253,1790114743069.407143,0,0
254,1790114743109.419843,0,0
255,1790114743149.410843,0,0
256,1790114743189.412143,0,0
257,1790114743229.397843,0,0
258,1790114743269.391643,0,0
259,1790114743309.387243,0,0
260,1790114743349.375343,0,0
261,1790114743389.394843,0,0
262,1790114743429.378043,0,0
263,1790114743469.385043,0,0
264,1790114743509.388843,0,0
265,1790114743549.363143,0,0
266,1790114743589.358943,0,0
267,1790114743629.367243,0,0
268,1790114743669.349243,0,0
269,1790114743709.354643,0,0
270,1790114743749.367143,0,0
271,1790114743789.358443,0,0
272,1790114743829.348043,0,0
273,1790114743869.342643,125,0
274,1790114743909.333143,125,12.4825000762939
275,1790114743949.342643,125,23.406810760498
276,1790114743989.329443,125,32.9674377441406
277,1790114744029.346143,125,41.3346099853516
278,1790114744069.326243,125,48.6573104858398
279,1790114744109.322643,125,55.06591796875
280,1790114744149.331643,125,60.6745376586914
281,1790114744189.306243,125,65.5830383300781
282,1790114744229.302943,125,69.8788070678711
283,1790114744269.307943,125,73.6383361816406
284,1790114744309.299843,125,76.9285583496094
285,1790114744349.318043,115.357208251953,79.8080673217773
286,1790114744389.295443,100.959663391113,81.3651962280273
287,1790114744429.291543,93.1740188598633,81.2902145385742
288,1790114744469.286143,93.5489273071289,80.4471130371094
289,1790114744509.306443,97.7644348144531,79.746696472168
290,1790114744549.285543,101.26651763916,79.5546722412109
291,1790114744589.288143,102.226638793945,79.7363357543945
292,1790114744629.280143,101.318321228027,79.9912033081055
293,1790114744669.280143,100.043983459473,80.1235427856445
294,1790114744709.280943,99.3822860717773,80.1121139526367
295,1790114744749.281543,99.4394302368164,80.0360336303711
296,1790114744789.276643,99.8198318481445,79.9751586914063
297,1790114744829.274643,100.124206542969,79.9598693847656
298,1790114744869.263843,100.200653076172,79.9768829345703
299,1790114744909.245843,100.115585327148,79.9994049072266
300,1790114744949.251243,100.002975463867,80.0106201171875
301,1790114744989.244943,99.9468994140625,80.0091934204102
302,1790114745029.237843,99.9540328979492,80.0023422241211
303,1790114745069.254843,99.9882888793945,79.9970550537109
304,1790114745109.224143,100.014724731445,79.9958572387695
305,1790114745149.247843,100.020713806152,79.997444152832
306,1790114745189.235943,100.01277923584,79.9994277954102
307,1790114745229.237643,100.002861022949,80.000373840332
308,1790114745269.220543,99.9981307983398,80.0002059936523
309,1790114745309.219843,99.9989700317383,79.9995880126953
310,1790114745349.210343,100.002059936523,79.9991302490234
311,1790114745389.220143,100.004348754883,79.9990463256836
312,1790114745429.211543,100.004768371582,79.9991989135742
313,1790114745469.220943,100.004005432129,79.9993743896484
314,1790114745509.203943,100.003128051758,79.9994506835938
315,1790114745549.208743,100.002746582031,79.9994277954102
316,1790114745589.199943,100.002861022949,79.9993743896484
317,1790114745629.198543,100.003128051758,79.9993362426758
318,1790114745669.210443,100.003318786621,79.9993286132813
319,1790114745709.182943,100.003356933594,79.9993362426758
320,1790114745749.189343,100.003318786621,79.9993515014648
321,1790114745789.189843,100.003242492676,79.9993591308594
322,1790114745829.167043,100.003204345703,79.9993591308594
323,1790114745869.183243,100.003204345703,79.9993591308594
324,1790114745909.185443,100.003204345703,79.9993591308594
325,1790114745949.172243,100.003204345703,79.9993591308594
326,1790114745989.163343,100.003204345703,79.9993591308594
327,1790114746029.148443,100.003204345703,79.9993591308594
328,1790114746069.166943,100.003204345703,79.9993591308594
329,1790114746109.157043,100.003204345703,79.9993591308594
330,1790114746149.159443,100.003204345703,79.9993591308594
331,1790114746189.135443,100.003204345703,79.9993591308594
332,1790114746229.153943,100.003204345703,79.9993591308594
333,1790114746269.149143,100.003204345703,79.9993591308594
334,1790114746309.138743,100.003204345703,79.9993591308594
335,1790114746349.120143,100.003204345703,79.9993591308594
336,1790114746389.127343,100.003204345703,79.9993591308594
337,1790114746429.119643,100.003204345703,79.9993591308594
338,1790114746469.142543,100.003204345703,79.9993591308594
339,1790114746509.131443,100.003204345703,79.9993591308594
340,1790114746549.114943,100.003204345703,79.9993591308594
341,1790114746589.102443,100.003204345703,79.9993591308594
342,1790114746629.110743,100.003204345703,79.9993591308594
343,1790114746669.115643,100.003204345703,79.9993591308594
344,1790114746709.106643,100.003204345703,79.9993591308594
345,1790114746749.108043,100.003204345703,79.9993591308594
346,1790114746789.082943,100.003204345703,79.9993591308594
347,1790114746829.109143,100.003204345703,79.9993591308594
348,1790114746869.112043,100.003204345703,79.9993591308594
349,1790114746909.095543,100.003204345703,79.9993591308594
350,1790114746949.080243,100.003204345703,79.9993591308594
351,1790114746989.078943,100.003204345703,79.9993591308594
352,1790114747029.063243,100.003204345703,79.9993591308594
353,1790114747069.072443,100.003204345703,79.9993591308594
354,1790114747109.071743,100.003204345703,79.9993591308594
355,1790114747149.060843,100.003204345703,79.9993591308594
356,1790114747189.062943,100.003204345703,79.9993591308594
357,1790114747229.060643,100.003204345703,79.9993591308594
358,1790114747269.043043,100.003204345703,79.9993591308594
359,1790114747309.061943,100.003204345703,79.9993591308594
360,1790114747349.061143,100.003204345703,79.9993591308594
361,1790114747389.035543,100.003204345703,79.9993591308594
362,1790114747429.039543,100.003204345703,79.9993591308594
363,1790114747469.039943,100.003204345703,79.9993591308594
364,1790114747509.035143,100.003204345703,79.9993591308594
365,1790114747549.018243,100.003204345703,79.9993591308594
366,1790114747589.019243,100.003204345703,79.9993591308594
367,1790114747629.045043,100.003204345703,79.9993591308594
368,1790114747669.030043,100.003204345703,79.9993591308594
369,1790114747709.026343,100.003204345703,79.9993591308594
370,1790114747749.013443,100.003204345703,79.9993591308594
371,1790114747789.003343,100.003204345703,79.9993591308594
372,1790114747829.014843,100.003204345703,79.9993591308594
373,1790114747869.004743,100.003204345703,79.9993591308594
374,1790114747908.994143,100.003204345703,79.9993591308594
375,1790114747949.010343,100.003204345703,79.9993591308594
376,1790114747988.993643,100.003204345703,79.9993591308594
377,1790114748028.990043,100.003204345703,79.9993591308594
378,1790114748068.996143,100.003204345703,79.9993591308594
379,1790114748109.000343,100.003204345703,79.9993591308594
380,1790114748148.982243,100.003204345703,79.9993591308594
381,1790114748188.986543,100.003204345703,79.9993591308594
382,1790114748228.974943,100.003204345703,79.9993591308594
383,1790114748268.988743,100.003204345703,79.9993591308594
384,1790114748308.980143,100.003204345703,79.9993591308594
385,1790114748348.949043,100.003204345703,79.9993591308594
386,1790114748388.956343,100.003204345703,79.9993591308594
387,1790114748428.960643,100.003204345703,79.9993591308594
388,1790114748468.962343,100.003204345703,79.9993591308594
389,1790114748508.950243,100.003204345703,79.9993591308594
390,1790114748548.951243,100.003204345703,79.9993591308594
391,1790114748588.950443,100.003204345703,79.9993591308594
392,1790114748628.934143,100.003204345703,79.9993591308594
393,1790114748668.938043,100.003204345703,79.9993591308594
394,1790114748708.927043,100.003204345703,79.9993591308594
395,1790114748748.917043,100.003204345703,79.9993591308594
396,1790114748788.932043,100.003204345703,79.9993591308594
397,1790114748828.932543,100.003204345703,79.9993591308594
398,1790114748868.918243,100.003204345703,79.9993591308594
399,1790114748908.902843,100.003204345703,79.9993591308594
400,1790114748948.912843,100.003204345703,79.9993591308594
401,1790114748988.919143,100.003204345703,79.9993591308594
402,1790114749028.908243,100.003204345703,79.9993591308594
403,1790114749068.912143,100.003204345703,79.9993591308594
404,1790114749108.894043,100.003204345703,79.9993591308594
405,1790114749148.917243,100.003204345703,79.9993591308594
406,1790114749188.891843,100.003204345703,79.9993591308594
407,1790114749228.878643,100.003204345703,79.9993591308594
408,1790114749268.877943,100.003204345703,79.9993591308594
409,1790114749308.895743,100.003204345703,79.9993591308594
410,1790114749348.876143,100.003204345703,79.9993591308594
411,1790114749388.879743,100.003204345703,79.9993591308594
412,1790114749428.868843,100.003204345703,79.9993591308594
413,1790114749468.878243,100.003204345703,79.9993591308594
414,1790114749508.880043,100.003204345703,79.9993591308594
415,1790114749548.853143,100.003204345703,79.9993591308594
416,1790114749588.861543,100.003204345703,79.9993591308594
417,1790114749628.851943,100.003204345703,79.9993591308594
418,1790114749668.836443,100.003204345703,79.9993591308594
419,1790114749708.841343,100.003204345703,79.9993591308594
420,1790114749748.845343,100.003204345703,79.9993591308594
421,1790114749788.844543,100.003204345703,79.9993591308594
422,1790114749828.834743,100.003204345703,79.9993591308594
423,1790114749868.853443,100.003204345703,79.9993591308594
424,1790114749908.834343,100.003204345703,79.9993591308594
425,1790114749948.832543,100.003204345703,79.9993591308594
426,1790114749988.838743,100.003204345703,79.9993591308594
427,1790114750028.809843,100.003204345703,79.9993591308594
428,1790114750068.822143,100.003204345703,79.9993591308594
429,1790114750108.827643,100.003204345703,79.9993591308594
430,1790114750148.812943,100.003204345703,79.9993591308594
431,1790114750188.814643,100.003204345703,79.9993591308594
432,1790114750228.801443,100.003204345703,79.9993591308594
433,1790114750268.815043,100.003204345703,79.9993591308594
434,1790114750308.793943,100.003204345703,79.9993591308594
435,1790114750348.795043,100.003204345703,79.9993591308594
436,1790114750388.798543,100.003204345703,79.9993591308594
437,1790114750428.792643,100.003204345703,79.9993591308594
438,1790114750468.782143,100.003204345703,79.9993591308594
439,1790114750508.770543,100.003204345703,79.9993591308594
440,1790114750548.770043,100.003204345703,79.9993591308594
441,1790114750588.775943,100.003204345703,79.9993591308594
442,1790114750628.773843,100.003204345703,79.9993591308594
443,1790114750668.765043,100.003204345703,79.9993591308594
444,1790114750708.780143,100.003204345703,79.9993591308594
445,1790114750748.773643,100.003204345703,79.9993591308594
446,1790114750788.750543,100.003204345703,79.9993591308594
447,1790114750828.763643,100.003204345703,79.9993591308594
448,1790114750868.748143,100.003204345703,79.9993591308594
449,1790114750908.740843,100.003204345703,79.9993591308594
450,1790114750948.744143,100.003204345703,79.9993591308594
451,1790114750988.745943,100.003204345703,79.9993591308594
452,1790114751028.731343,100.003204345703,79.9993591308594
453,1790114751068.735643,100.003204345703,79.9993591308594
454,1790114751108.742643,100.003204345703,79.9993591308594
455,1790114751148.716543,100.003204345703,79.9993591308594
456,1790114751188.735843,100.003204345703,79.9993591308594
457,1790114751228.717343,100.003204345703,79.9993591308594
458,1790114751268.714843,100.003204345703,79.9993591308594
459,1790114751308.712743,100.003204345703,79.9993591308594
460,1790114751348.705443,100.003204345703,79.9993591308594
461,1790114751388.709243,100.003204345703,79.9993591308594
462,1790114751428.703643,100.003204345703,79.9993591308594
463,1790114751468.700843,100.003204345703,79.9993591308594
464,1790114751508.702743,100.003204345703,79.9993591308594
465,1790114751548.701843,100.003204345703,79.9993591308594
466,1790114751588.684043,100.003204345703,79.9993591308594
467,1790114751628.694843,100.003204345703,79.9993591308594
468,1790114751668.682143,100.003204345703,79.9993591308594
469,1790114751708.671143,100.003204345703,79.9993591308594
470,1790114751748.664743,100.003204345703,79.9993591308594
471,1790114751788.670643,100.003204345703,79.9993591308594
472,1790114751828.677143,100.003204345703,79.9993591308594
473,1790114751868.677143,100.003204345703,79.9993591308594
474,1790114751908.663743,100.003204345703,79.9993591308594
475,1790114751948.659843,100.003204345703,79.9993591308594
476,1790114751988.662543,100.003204345703,79.9993591308594
477,1790114752028.654143,100.003204345703,79.9993591308594
478,1790114752068.638043,100.003204345703,79.9993591308594
479,1790114752108.639543,100.003204345703,79.9993591308594
480,1790114752148.660143,100.003204345703,79.9993591308594
481,1790114752188.646343,100.003204345703,79.9993591308594
482,1790114752228.621943,100.003204345703,79.9993591308594
483,1790114752268.640643,100.003204345703,79.9993591308594
484,1790114752308.633243,100.003204345703,79.9993591308594
485,1790114752348.629243,100.003204345703,79.9993591308594
486,1790114752388.635843,100.003204345703,79.9993591308594
487,1790114752428.617143,100.003204345703,79.9993591308594
488,1790114752468.625843,100.003204345703,79.9993591308594
489,1790114752508.625843,100.003204345703,79.9993591308594
490,1790114752548.616343,100.003204345703,79.9993591308594
491,1790114752588.606143,100.003204345703,79.9993591308594
492,1790114752628.597043,100.003204345703,79.9993591308594
493,1790114752668.596843,100.003204345703,79.9993591308594
494,1790114752708.581543,100.003204345703,79.9993591308594
495,1790114752748.589843,100.003204345703,79.9993591308594
496,1790114752788.598943,100.003204345703,79.9993591308594
497,1790114752828.587143,100.003204345703,79.9993591308594
498,1790114752868.588043,100.003204345703,79.9993591308594
499,1790114752908.577743,100.003204345703,79.9993591308594
500,1790114752948.569543,100.003204345703,79.9993591308594
501,1790114752988.583143,100.003204345703,79.9993591308594
502,1790114753028.555843,100.003204345703,79.9993591308594
503,1790114753068.564043,100.003204345703,79.9993591308594
504,1790114753108.567943,100.003204345703,79.9993591308594
505,1790114753148.559043,100.003204345703,79.9993591308594
506,1790114753188.545343,100.003204345703,79.9993591308594
507,1790114753228.561743,100.003204345703,79.9993591308594
508,1790114753268.555943,100.003204345703,79.9993591308594
509,1790114753308.549843,100.003204345703,79.9993591308594
510,1790114753348.530543,100.003204345703,79.9993591308594
511,1790114753388.543143,100.003204345703,79.9993591308594
512,1790114753428.543643,100.003204345703,79.9993591308594
513,1790114753468.526643,100.003204345703,79.9993591308594
514,1790114753508.542343,100.003204345703,79.9993591308594
515,1790114753548.514143,100.003204345703,79.9993591308594
516,1790114753588.506743,100.003204345703,79.9993591308594
517,1790114753628.530543,100.003204345703,79.9993591308594
518,1790114753668.511843,100.003204345703,79.9993591308594
519,1790114753708.505643,100.003204345703,79.9993591308594
520,1790114753748.515943,100.003204345703,79.9993591308594
521,1790114753788.501143,100.003204345703,79.9993591308594
522,1790114753828.499543,100.003204345703,79.9993591308594
523,1790114753868.488943,100.003204345703,79.9993591308594
524,1790114753908.498543,100.003204345703,79.9993591308594
525,1790114753948.487943,100.003204345703,79.9993591308594
526,1790114753988.478743,100.003204345703,79.9993591308594
527,1790114754028.485743,100.003204345703,79.9993591308594
528,1790114754068.482843,100.003204345703,79.9993591308594
529,1790114754108.480443,100.003204345703,79.9993591308594
530,1790114754148.473543,100.003204345703,79.9993591308594
531,1790114754188.483843,100.003204345703,79.9993591308594
532,1790114754228.488343,100.003204345703,79.9993591308594
533,1790114754268.471443,100.003204345703,79.9993591308594
534,1790114754308.463643,100.003204345703,79.9993591308594
535,1790114754348.469543,100.003204345703,79.9993591308594
536,1790114754388.457143,100.003204345703,79.9993591308594
537,1790114754428.456043,100.003204345703,79.9993591308594
538,1790114754468.432943,100.003204345703,79.9993591308594
539,1790114754508.452443,100.003204345703,79.9993591308594
540,1790114754548.438943,100.003204345703,79.9993591308594
541,1790114754588.438443,100.003204345703,79.9993591308594
542,1790114754628.436443,100.003204345703,79.9993591308594
543,1790114754668.435543,100.003204345703,79.9993591308594
544,1790114754708.441343,100.003204345703,79.9993591308594
545,1790114754748.419643,100.003204345703,79.9993591308594
546,1790114754788.409043,100.003204345703,79.9993591308594
547,1790114754828.417443,100.003204345703,79.9993591308594
548,1790114754868.402343,100.003204345703,79.9993591308594
549,1790114754908.408943,100.003204345703,79.9993591308594
550,1790114754948.412143,100.003204345703,79.9993591308594
551,1790114754988.411743,100.003204345703,79.9993591308594
552,1790114755028.409343,100.003204345703,79.9993591308594
553,1790114755068.400643,100.003204345703,79.9993591308594
554,1790114755108.395743,100.003204345703,79.9993591308594
555,1790114755148.403543,100.003204345703,79.9993591308594
556,1790114755188.378943,100.003204345703,79.9993591308594
557,1790114755228.384843,100.003204345703,79.9993591308594
558,1790114755268.383743,100.003204345703,79.9993591308594
559,1790114755308.387343,100.003204345703,79.9993591308594
560,1790114755348.379943,100.003204345703,79.9993591308594
561,1790114755388.364443,100.003204345703,79.9993591308594
562,1790114755428.354843,100.003204345703,79.9993591308594
563,1790114755468.366743,100.003204345703,79.9993591308594
564,1790114755508.370343,100.003204345703,79.9993591308594
565,1790114755548.348743,100.003204345703,79.9993591308594
566,1790114755588.345143,100.003204345703,79.9993591308594
567,1790114755628.349543,100.003204345703,79.9993591308594
568,1790114755668.355343,100.003204345703,79.9993591308594
569,1790114755708.357643,100.003204345703,79.9993591308594
570,1790114755748.342943,100.003204345703,79.9993591308594
571,1790114755788.340443,100.003204345703,79.9993591308594
572,1790114755828.344843,100.003204345703,79.9993591308594
573,1790114755868.318843,100.003204345703,79.9993591308594
574,1790114755908.332443,100.003204345703,79.9993591308594
575,1790114755948.316343,100.003204345703,79.9993591308594
576,1790114755988.327443,100.003204345703,79.9993591308594
577,1790114756028.316143,100.003204345703,79.9993591308594
578,1790114756068.306143,100.003204345703,79.9993591308594
579,1790114756108.317943,100.003204345703,79.9993591308594
580,1790114756148.299643,100.003204345703,79.9993591308594
581,1790114756188.302143,100.003204345703,79.9993591308594
582,1790114756228.330843,100.003204345703,79.9993591308594
583,1790114756268.289143,100.003204345703,79.9993591308594
584,1790114756308.277743,100.003204345703,79.9993591308594
585,1790114756348.279443,100.003204345703,79.9993591308594
586,1790114756388.293243,100.003204345703,79.9993591308594
587,1790114756428.286143,100.003204345703,79.9993591308594
588,1790114756468.292243,100.003204345703,79.9993591308594
589,1790114756508.285943,100.003204345703,79.9993591308594
590,1790114756548.282543,100.003204345703,79.9993591308594
591,1790114756588.264643,100.003204345703,79.9993591308594
592,1790114756628.271943,100.003204345703,79.9993591308594
593,1790114756668.277243,100.003204345703,79.9993591308594
594,1790114756708.258843,100.003204345703,79.9993591308594
595,1790114756748.243743,100.003204345703,79.9993591308594
596,1790114756788.282143,100.003204345703,79.9993591308594
597,1790114756828.240143,100.003204345703,79.9993591308594
598,1790114756868.242643,100.003204345703,79.9993591308594
599,1790114756908.244543,100.003204345703,79.9993591308594
600,1790114756948.227943,100.003204345703,79.9993591308594
601,1790114756988.227243,100.003204345703,79.9993591308594
602,1790114757028.238843,100.003204345703,79.9993591308594
603,1790114757068.242043,100.003204345703,79.9993591308594
604,1790114757108.222043,100.003204345703,79.9993591308594
605,1790114757148.234643,100.003204345703,79.9993591308594
606,1790114757188.213543,100.003204345703,79.9993591308594
607,1790114757228.216943,100.003204345703,79.9993591308594
608,1790114757268.211043,100.003204345703,79.9993591308594
609,1790114757308.208443,100.003204345703,79.9993591308594
610,1790114757348.278543,100.003204345703,79.9993591308594
